id,created_at,text,likes,in reply to,retweeted
1260572861598662659,2020-05-13 14:09:25,There have been three further COVID-19 related deaths reported in Lincolnshire‚Äôs hospitals today https://t.co/3tdbvpEBVB,0,,False
1260572861590310912,2020-05-13 14:09:25,"RT @Arun2981: Yeh Anurag Thakur wahi hai jisne bola tha CORONA will not create any impact on India‚Äôs economy 

Just 2 months back.... 

ü§¶‚Äç‚ôÇÔ∏è",0,,False
1260572861229604868,2020-05-13 14:09:25,"""Your age doesn‚Äôt necessarily relate to your fitness or how you‚Äôre feeling, or your capacity to do a job.‚Äù

Crystal‚Ä¶ https://t.co/0qZaaYSGRr",0,,False
1260572861040918535,2020-05-13 14:09:25,RT @g1: Twitter afirma que funcion√°rios poder√£o trabalhar de casa 'para sempre' https://t.co/zdC6SsAXep #G1 #coronav√≠rus https://t.co/49dNE‚Ä¶,0,,False
1260572860952776704,2020-05-13 14:09:25,"@alperreplaxx @DPGaming @Naru_LoL Corona virusu ilk 1960 larda gorulmus knk, corona virus cesidi olup covid-19 yani‚Ä¶ https://t.co/RqxKGOq3K6",0,alperreplaxx,False
1260572860806057984,2020-05-13 14:09:24,"RT @damafielyo: @Mippcivzla #13May| üì¢ ¬°LA ETIQUETA DEL D√çA! ‚è©    #VenezuelaConcienciaProductiva

En medio de la pandemia por Covid-19 conti‚Ä¶",0,,False
1260572860805939200,2020-05-13 14:09:24,RT @WilliamTurton: Joint FBI and DHS statement warns of PRC hackers targeting healthcare and pharmaceutical researchers working on COVID-19‚Ä¶,0,,False
1260572860680200192,2020-05-13 14:09:24,"RT @narendramodi_in: Inspiring words of a leader to a brave nation.

Corona se ladenge bhi, aur aage badhenge bhi!

Today's pro-MSME decisi‚Ä¶",0,,False
1260572860554326018,2020-05-13 14:09:24,RT @IngrahamAngle: A few days ago: ‚ÄúGovernor Wolf takes to Twitter to warn those who disobey order‚Äù | ABC27 .. but now we know ‚ÄúNearly 70%‚Ä¶,0,,False
1260572860512448520,2020-05-13 14:09:24,RT @stwrtdalla: dor no peito n√£o sei se √© gases ansiedade corona estresse in√≠cio de um ataque card√≠aco sei l√° t√° foda,0,,False
1260572860487254017,2020-05-13 14:09:24,RT @Macarena_Olona: ¬øLa Comisi√≥n de Reconstrucci√≥n del @Congreso_Es? Estaremos s√≥lo para exigir el cese de este Gobierno de la muerte y la‚Ä¶,0,,False
1260572860432748546,2020-05-13 14:09:24,‰ΩïÂõûË¶ã„Å¶„ÇÇCOVID„ÇíGODIVA„Å®Ë™≠„ÅøÈñìÈÅï„Åà„Å°„ÇÉ„ÅÜ„ÄÅ„ÄÅ,0,,False
1260572860323594241,2020-05-13 14:09:24,@dcexaminer @realDonaldTrump YOU CAN TEST IF SOMEONE HAS CORONA WITHIN AN HOUR AND IRELAND AND F ING ENGLAND WANT T‚Ä¶ https://t.co/fn09I5NSfm,0,anastasilinecy,False
1260572860290121728,2020-05-13 14:09:24,RT @infopresidencia: El Presidente @IvanDuque hizo un reconocimiento al trabajo de seguimiento epidemiol√≥gico que se ha venido haciendo en‚Ä¶,0,,False
1260572860185280515,2020-05-13 14:09:24,RT @stwrtdalla: dor no peito n√£o sei se √© gases ansiedade corona estresse in√≠cio de um ataque card√≠aco sei l√° t√° foda,0,,False
1260572860172697600,2020-05-13 14:09:24,"RT @octavio_guedes: O suspeito de fraudar a licita√ß√£o para compra de respiradores est√° com Covid. Se agravar, ele vai precisar de um respir‚Ä¶",0,,False
1260572860164329472,2020-05-13 14:09:24,RT @SSalud_mx: ¬øFormas parte del #PersonalDeSalud? Conoce los lineamientos y gu√≠as que debes tomar en cuenta en la pr√°ctica m√©dica y hospit‚Ä¶,0,,False
1260572859983900672,2020-05-13 14:09:24,https://t.co/fzlooeu0xX,0,AndersonCalum1,False
1260572859946147842,2020-05-13 14:09:24,"RT @INCancerologia: No se pueden perder el #webinar con la Dra. @WiesnerCarolina directora del Instituto Nacional de Cancerolog√≠a ""Retos fr‚Ä¶",0,,False
1260572859895816193,2020-05-13 14:09:24,"RT @GuaraCuchaFE: NM extiende la setentena porque acabaron con las refiner√≠as y han querido ponerlas a funcionar pero no han podido

Porque‚Ä¶",0,,False
1260572859795152896,2020-05-13 14:09:24,"RT @ChuckCallesto: BREAKING NOW:  DEMS new coronavirus bill slips in rule that  ELIMINATES voter ID requirements... 

What should TRUMP do?",0,,False
1260572859673567232,2020-05-13 14:09:24,#NavajoNation borders 80 miles of CO River &amp; doesn‚Äôt have access to water. Coal/water frm Navajo lands helped creat‚Ä¶ https://t.co/XFpeAYpO9l,0,,False
1260572859640033284,2020-05-13 14:09:24,RT @MichaelMacQuil1: How dare @SpeakerPelosi use the term 'HEROS ACT' to fleece AMERICANS! I'd rather starve than see this bill enacted @re‚Ä¶,0,,False
1260572859585433601,2020-05-13 14:09:24,"RT @oliveiradebea: n√£o √© que o bolsonaro n√£o acredita na epidemia do coronav√≠rus, ele N√ÉO SE IMPORTA com a doen√ßa. ele quer mais que o povo‚Ä¶",0,,False
1260572859530969089,2020-05-13 14:09:24,"RT @JoeBiden: Donald Trump can put up all of the banners he wants in the Rose Garden, but it doesn‚Äôt change the fact that he failed our nat‚Ä¶",0,,False
1260572859484844032,2020-05-13 14:09:24,https://t.co/Ma04z6Okf8,0,,False
1260572859405160448,2020-05-13 14:09:24,"RT @sipr0r_DeltaUno: Nadie, nadie puede aguantar tanto tiempo de encierro. 
Ning√∫n pa√≠s, ning√∫n Estado tiene la capacidad de soportar tanto‚Ä¶",0,,False
1260572859191222272,2020-05-13 14:09:24,RT @Edomex: Ayuda a reducir el n√∫mero de contagios por #Covid_19mx y juntos #CuidemosTodosDeTodos. #Qu√©dateEnCasa https://t.co/1gHWqQ5VHI,0,,False
1260572859077922816,2020-05-13 14:09:24,"RT @Psicovivir: Cuando empez√≥ el tema d coronavirus dije que eso iba a beneficiar much√≠simo a maduro y lo iba a atornillar al poder.

Luego‚Ä¶",0,,False
1260572859023396865,2020-05-13 14:09:24,"RT @DeanBrowningPA: I am calling for the immediate resignation of @SecretaryLevine.

This makes it very clear that she knew the consequence‚Ä¶",0,,False
1260572858910203909,2020-05-13 14:09:24,RT @khaiartzfar: Ad junior sekolah aku ni sekarang buat food panda. Masa awal kerja time covid aritu dia minta pinjam duit buat modal lepas‚Ä¶,0,,False
1260572858767548416,2020-05-13 14:09:24,Miami y Hialeah son las ciudades con m√°s aumento de desempleo en EE.UU. por el coronavirus El desempleo en Estados‚Ä¶ https://t.co/qnVpbVdTAY,0,,False
1260572858750840833,2020-05-13 14:09:24,RT @Nova153: Pourquoi les grands m√©dias dans le monde semblent-ils si d√©sesp√©r√©s de vouloir maintenir le confinement du COVID-19 ? https://‚Ä¶,0,,False
1260572858654371852,2020-05-13 14:09:24,RT @BreitbartNews: Press Sec. Kayleigh McEnany is making FOOLS out of the Left! https://t.co/74W5v9WEsO,0,,False
1260572858612428801,2020-05-13 14:09:24,"RT @K_GEN_france: Deux c√©l√®bres idols masculins ont √©t√© vus dans un bar de Itaewon en pleine √©pid√©mie de coronavirus
https://t.co/EI3xgfV3W‚Ä¶",0,,False
1260572858545311744,2020-05-13 14:09:24,"RT @fattoquotidiano: Coronavirus, le raccomandazioni di Inail e Iss ai bagnini: ‚ÄúNo alla respirazione bocca a bocca se qualcuno sta male me‚Ä¶",0,,False
1260572858461368323,2020-05-13 14:09:24,RT @ReutersJapan: ÂÜçÈñãÊÄ•„Åí„Å∞„Äå‰∏çË¶Å„Å™Ëã¶„Åó„Åø„Äç„ÄÅÁ±≥ÊÑüÊüìÁ†î„Éï„Ç°„Ç¶„ÉÅÊ∞è„ÅåÁ¨¨2Ê≥¢„ÇíË≠¶Âëä https://t.co/yGgw1krHmw,0,,False
1260572858453016583,2020-05-13 14:09:24,"RT @AIIndia: SOLIDARITY‚úäüèæ‚úäüèø‚úäüèΩ

90 academics and activists condemn the brutal crackdown on dissent and protest which has accompanied India‚Äôs‚Ä¶",0,,False
1260572858440470533,2020-05-13 14:09:24,RT @FulbrightID: #FulbrighterVirtualEvent - Serena Dasani (2013 #Fulbright ETA to Indonesia) will join the first ‚ÄúFulbright Impact in the F‚Ä¶,0,,False
1260572858436259841,2020-05-13 14:09:24,RT @YaleSOM: We're thinking about who provides essential services in a different way. People working in a grocery stores are performing ess‚Ä¶,0,,False
1260572858423685126,2020-05-13 14:09:24,RT @JohnDG_: Is China to blame for Covid 19,0,,False
1260572858419425282,2020-05-13 14:09:24,"RT @BelkissObadia: üö®FAILURE IN CHIEFüö®

It took one question for a reporter to expose ‚Å¶@realDonaldTrump‚Å© latest baseless Obama conspiracy th‚Ä¶",0,,False
1260572858327142406,2020-05-13 14:09:24,"RT @mrcllznn: @CalaminiciM @GiusPecoraro No, pazzia. In mano a incapaci, a gente che non ha mai lavorato. Allora anche influenza e morbillo‚Ä¶",0,,False
1260572858293641216,2020-05-13 14:09:24,"RT @IngrahamAngle: Almost 70% of PA‚Äôs Covid-19 deaths, 2611 of 3806, have occurred in nursing homes or long-term care‚ÄîPA should never have‚Ä¶",0,,False
1260572858268430337,2020-05-13 14:09:24,"RT @KSUOwlNation: ü¶â ùóîùóπùòÇùó∫ùóªùòÇùòÄ ùóúùóª ùóîùó∞ùòÅùó∂ùóºùóª üò∑

Mickey Dunn's automotive safety company is shifting production to #PPE to help combat COVID-19.‚Ä¶",0,,False
1260572858260037636,2020-05-13 14:09:24,"RT @ROHLL5: Was it Ignorance or arrogance Governor Cumo forcing COVID-19 patients into nursing homes who died? 

Would you file lawsuit if‚Ä¶",0,,False
1260572858243256324,2020-05-13 14:09:24,RT @JoshuaPotash: Republicans care about Americans dying from COVID about as much as they care about kids dying from gun violence.,0,,False
1260572858109120512,2020-05-13 14:09:24,"RT @elespectador: ""Ser√≠a deprimente volver a encerrarnos por querer salir demasiado pronto"": Merkel
https://t.co/sYcm1mqb67 https://t.co/ox‚Ä¶",0,,False
1260572858008436736,2020-05-13 14:09:24,"RT @Rconstantino: Oi? Atropelado, cirurgias, teste negativo, mas morreu de covid?! https://t.co/ukSmByBnea",0,,False
1260572857983172608,2020-05-13 14:09:24,"@twittinsusan @LindaMarkss Wait....I thought we were #Winning this race....?

https://t.co/cMaVUagXlm",0,twittinsusan,False
1260572857937133568,2020-05-13 14:09:24,Economia: Valor investido pelo Minist√©rio da Sa√∫de para combater Covid-19 chega a R$ 11¬†bilh√µes https://t.co/nbM2gkKYiv,0,,False
1260572857890934784,2020-05-13 14:09:24,"RT @leeleeb50: Model now shows 147,000 US deaths by August, 

https://t.co/h6fDMAjbv4",0,,False
1260572857794469891,2020-05-13 14:09:24,"RT @MikeForKY: Mitch McConnell never listens to angry people, he only uses them.

He let this crisis happen. He let others solve it. 

Now‚Ä¶",0,,False
1260572857626697728,2020-05-13 14:09:24,"RT @DominiqueMeshal: Not them falsely claiming majority of black people are catching COVID-19, just to scare us into being the main ones to‚Ä¶",0,,False
1260572857609969673,2020-05-13 14:09:24,"RT @marceelias: BREAKING: Hours after the South Carolina Supreme Court hears arguments in our case to expand absentee voting, the legislatu‚Ä¶",0,,False
1260572857601572864,2020-05-13 14:09:24,RT @bbcswahili: Madereva 25 kutoka Tanzania wamezuiwa kuingia nchini Kenya baada ya kukutwa na virusi vya corona. https://t.co/RJxiDCqn3A,0,,False
1260572857588948995,2020-05-13 14:09:24,"RT @porrafaelreis: sim eu so penso em vc........

    vacina pro covid",0,,False
1260572857572233218,2020-05-13 14:09:24,"RT @karl_trotsky: Education Unions Warn Johnson To 'Step Back' From June 1 Return Date For Schools.
https://t.co/NlLZl7ujj4",0,,False
1260572857567977473,2020-05-13 14:09:24,"RT @samiabomfim: O PSOL defende a prorroga√ß√£o do programa da renda b√°sica emergencial at√©, pelo menos, dezembro. S√≥ assim √© poss√≠vel dar tr‚Ä¶",0,,False
1260572857475764229,2020-05-13 14:09:24,"RT @PaulOnBooks: I see Jacob Rees-Bolsonaro wants MPs to get back to the House of Commons, despite what his own government says. I wouldn't‚Ä¶",0,,False
1260572857404399619,2020-05-13 14:09:24,"RT @SecretariadoGEM: Hacer cosas que te gusten en esta contingencia por #Covid_19mx, mejora tu estado de √°nimo y te hace pasar mejores  mom‚Ä¶",0,,False
1260572857387700225,2020-05-13 14:09:24,RT @davidaxelrod: So the Barr-led Bureau of Prisons frees Manafort to serve the REMAINING FOUR YEARS of his sentence at home despite the fa‚Ä¶,0,,False
1260572857333166087,2020-05-13 14:09:24,"RT @le_Parisien: Espagne : √† 113 ans, la doyenne du pays survit au coronavirus #International https://t.co/UJHoqQTW0W",0,,False
1260572857194754048,2020-05-13 14:09:24,RT @nowthisnews: This new Joe Biden ad rips into Trump for his COVID-19 response https://t.co/PX1eV1Dcl0,0,,False
1260572857144401921,2020-05-13 14:09:24,RT @khaiartzfar: Ad junior sekolah aku ni sekarang buat food panda. Masa awal kerja time covid aritu dia minta pinjam duit buat modal lepas‚Ä¶,0,,False
1260572857131728901,2020-05-13 14:09:24,"RT @BoeingJapan: „Éú„Éº„Ç§„É≥„Ç∞„ÅØÊñ∞Âûã„Ç≥„É≠„Éä„Ç¶„Ç§„É´„Çπ„Å∏„ÅÆÂØæÂøú„Å´ÊúÄÂâçÁ∑ö„Åß„ÅÇ„Åü„Å£„Å¶„ÅÑ„Çã„Çµ„Ç¶„Çπ„Ç´„É≠„É©„Ç§„ÉäÂ∑û„ÅÆÂåªÁôÇÂæì‰∫ãËÄÖ„Å´ÂÄã‰∫∫Èò≤Ë≠∑ÂÖ∑„Çí3Ê©ü„ÅÆ„Éâ„É™„Éº„É†„É™„Éï„Çø„Éº„ÅßÈÅã„Å≥„Åæ„Åó„Åü„ÄÇhttps://t.co/mcxhnxLl5h
#‰ªä„Åß„Åç„Çã„Åì„Å® https://t.co/ZewAt2Z‚Ä¶",0,,False
1260572857081442312,2020-05-13 14:09:24,"RT @porrafaelreis: sim eu so penso em vc........

    vacina pro covid",0,,False
1260572857014386700,2020-05-13 14:09:24,"Por temor a contagiarse de coronavirus, muchas personas no van al m√©dico y el 50% de las camas de terapia intensiva‚Ä¶ https://t.co/mrKKlft8Hz",0,,False
1260572856980852738,2020-05-13 14:09:24,RT @MayorOfLA: We will continue to work in close coordination with County public health officials to chart the course forward in the fight‚Ä¶,0,,False
1260572856972390401,2020-05-13 14:09:24,RT @HowellONeill: Facebook‚Äôs AI is still largely baffled by covid misinformation https://t.co/y72YMYQ6IQ,0,,False
1260572856867577860,2020-05-13 14:09:24,"RT @muruga_TNIE: The number of Corona cases so far in Tamil Nadu crossed 9,000; Today alone,  509  more persons tested positive for this in‚Ä¶",0,,False
1260572856821432321,2020-05-13 14:09:24,"RT @DrRJKavanagh: Tiffany Mofield, a 43 year old woman, has died of COVID-19 in a New Jersey prison, after begging guards for 5 minutes to‚Ä¶",0,,False
1260572856787898374,2020-05-13 14:09:24,The covid-19 is starting to take over Nepal too. No quarantine facilities due to lack of knowledge of the villagers‚Ä¶ https://t.co/jrREzGcxTR,0,,False
1260572856771121152,2020-05-13 14:09:24,"RT @WandaWomanHere: ‚ô¶Ô∏è‚ô¶Ô∏è‚ô¶Ô∏è‚ô¶Ô∏è‚ô¶Ô∏è‚ô¶Ô∏è‚ô¶Ô∏è‚ô¶Ô∏è‚ô¶Ô∏è‚ô¶Ô∏è‚ô¶Ô∏èPete Hegseth: Time to confront Chinese communists and anti-American global institutions

https://‚Ä¶",0,,False
1260572856687177730,2020-05-13 14:09:24,"RT @vishj05: Few days back Anurag Thakur said that Covid-19 won't impact Indian Economy.

Today he is announcing the package to revive Econ‚Ä¶",0,,False
1260572856678780928,2020-05-13 14:09:24,"RT @Timcast: CNN is actually one of Trump's greatest assets 

Their constant stream of fake news proves Trump right while keeping ""resistan‚Ä¶",0,,False
1260572856662065154,2020-05-13 14:09:23,@cd_colors @B52Malmet It would be interesting to see what covid looks like in those centers/concentration camps. üßê,0,cd_colors,False
1260572856590708739,2020-05-13 14:09:23,eu quero viajar p goias covid fdp,0,,False
1260572856527794178,2020-05-13 14:09:23,RT @reitschuster: Gruselig: Seehofer wird auf der Bundespressekonferenz erst nach ca. 30 Minuten zu dem Corona-Papier gefragt. Der fragende‚Ä¶,0,,False
1260572856498470917,2020-05-13 14:09:23,RT @MbuyiseniNdlozi: Minister yesterday you released new Covid-19 numbers around midday... what happened today?,0,,False
1260572856460730368,2020-05-13 14:09:23,"RT @porrafaelreis: sim eu so penso em vc........

    vacina pro covid",0,,False
1260572856292986883,2020-05-13 14:09:23,RT @Cooperativa: Cepal: Las protestas volver√°n si la respuesta contra la pandemia es insuficiente #CooperativaEnCasa https://t.co/TySpUauew‚Ä¶,0,,False
1260572856288673797,2020-05-13 14:09:23,RT @davidaxelrod: So the Barr-led Bureau of Prisons frees Manafort to serve the REMAINING FOUR YEARS of his sentence at home despite the fa‚Ä¶,0,,False
1260572856183926785,2020-05-13 14:09:23,"RT @Fglamas: La Fundaci√≥n Garrahan pudo comprar:
- 8 respiradores de traslado
- 6 monitores multiparam√©tricos 
- 50 bombas de infusi√≥n
- 13‚Ä¶",0,,False
1260572856083251201,2020-05-13 14:09:23,RT @Guatevision_tv: #EsViral este video en TikTok del reencuentro entre Jessica Cristofoli y su mascota luego que estuvieran m√°s de un mes‚Ä¶,0,,False
1260572856066473984,2020-05-13 14:09:23,RT @DIFEM_: Ayudemos a esos grandes s√∫per h√©roes que cada d√≠a trabajan por salvar vidas de pacientes con #Covid_19mx. #CuidemosTodosDeTodos‚Ä¶,0,,False
1260572856037097478,2020-05-13 14:09:23,"RT DeepLearn007 ""RT JamesMelville: The UK is facing its biggest economic decline in 300 years because of the Corona‚Ä¶ https://t.co/PYQ9fTZf8a",0,,False
1260572855990915074,2020-05-13 14:09:23,RT @gatewaypundit: Pennsylvania Secretary of Health Moved His Own Mother Out of Senior Facility to a Hotel While Coronavirus Swept Through‚Ä¶,0,,False
1260572855986794500,2020-05-13 14:09:23,RT @WIONews: #GRAVITAS  | Is big pharma putting profits before lives? @palkisu tells you how soaring drug prices could keep future coronavi‚Ä¶,0,,False
1260572855961608203,2020-05-13 14:09:23,"RT @df_porto: Se voc√™ n√£o entende o PESO dessa imagem
de uma m√£e chorando pela morte da filha de 15 ANOS por COVID-19 numa ter√ßa feira P√ìS‚Ä¶",0,,False
1260572855957368833,2020-05-13 14:09:23,RT @francoislegault: Le gouvernement du Qu√©bec rend hommage aujourd‚Äôhui aux Qu√©b√©cois emport√©s par la COVID-19. Une minute de silence sera‚Ä¶,0,,False
1260572855919616005,2020-05-13 14:09:23,"RT @TeamAdam76: Out of the 5000 deaths of COVID 19  in Canada, how many were people under the age of 65 with no pre-existing medical condit‚Ä¶",0,,False
1260572855911276555,2020-05-13 14:09:23,"RT @TheR3Journal: Jiyoung Lee (@JeeLee06767883), member of our Advisory Board 2020, spoke with @nytimes about how she has been coping with‚Ä¶",0,,False
1260572855907037187,2020-05-13 14:09:23,"RT @237online: Apr√®s la Cotonni√®re industrielle du Cameroun, Sitracel se positionne sur le march√© des masques anti-Covid-19 en tissu: Depui‚Ä¶",0,,False
1260572855873536005,2020-05-13 14:09:23,"RT @funder: I wouldn‚Äôt be shocked if Trump fired everyone who testified today. Trump probably thinks they testified against him, because th‚Ä¶",0,,False
1260572855873478657,2020-05-13 14:09:23,"RT @DeyniAlvarez: M√©dicos cubanos en pie de lucha frente a la COVID-19. #CubaSalvaVidas, #PrimeroDeMayo, #PorCubaUnidosVenceremos https://t‚Ä¶",0,,False
1260572855869288448,2020-05-13 14:09:23,"RT @ishafoundation: There are many things you can do during the lockdown, but one of these things can change your life profoundly - Inner E‚Ä¶",0,,False
1260572855865167873,2020-05-13 14:09:23,"Offices will be closed on Mon., May 18, for Victoria Day Weekend. Offices will re-open for phone support on Tues.,‚Ä¶ https://t.co/pOi4wF4ySg",0,,False
1260572855802134534,2020-05-13 14:09:23,"RT @jefdelgado: ""A m√≠dia t√° sendo muito cruel em rela√ß√£o ao covid-19, s√≥ divulga as mortes""

Se com a m√≠dia s√≥ divulgando as mortes voc√™ e‚Ä¶",0,,False
1260572855454089216,2020-05-13 14:09:23,"RT @NBCNews: Lifeguards in the age of the coronavirus face an extra level of danger, they say, because staying six feet away from a person‚Ä¶",0,,False
1260572855428878336,2020-05-13 14:09:23,RT @CambHealth: We have added a Neighborhood Map that shows COVID-19 cases among residents by neighborhood (both rate and count) to our Cam‚Ä¶,0,,False
1260572855374413827,2020-05-13 14:09:23,"RT @PiensaPrensa: CHILE: Boinas Negras con AMETRALLADORAS. 
!!A ME TRA LLA DO RAS!! contra el corona virus (Covid-19) https://t.co/l5xoTmhX‚Ä¶",0,,False
1260572855361822726,2020-05-13 14:09:23,"RT @g1: ‚ÄòMeus pacientes precisam de mim‚Äô, disse m√©dico internado por Covid-19 antes de morrer https://t.co/9HaRjFSLi5 #G1 #coronav√≠rus http‚Ä¶",0,,False
1260572855269548036,2020-05-13 14:09:23,"RT @davidfrum: As of May 6, about 20,000 US prisoners had tested positive for COVID. That's certainly a huge undercount, since most states‚Ä¶",0,,False
1260572855265382401,2020-05-13 14:09:23,RT @narendramodi: The post COVID-19 era will bring with it several opportunities and India's track record convinces me we will rise to the‚Ä¶,0,,False
1260572855219216384,2020-05-13 14:09:23,"RT @El_Universal_Mx: #NuevaNormalidad Despu√©s de 51 d√≠as de la jornada de ""Sana Distancia"" y confinamiento, el gobierno federal present√≥ la‚Ä¶",0,,False
1260572855194050560,2020-05-13 14:09:23,"RT @HOONY_eat: I would appreciate it if you could refrain from visiting the Nonsan Army Training Center tomorrow.

All the fans will want t‚Ä¶",0,,False
1260572855122657286,2020-05-13 14:09:23,RT @HichamYezza: ‚ÄúYou miss one universal credit meeting and your benefits are stopped; you miss five Cobra meetings and you get to address‚Ä¶,0,,False
1260572855114313729,2020-05-13 14:09:23,RT @Muktab_: I still can‚Äôt get over how Americans got tired of COVID and just decided it was over.,0,,False
1260572855105880067,2020-05-13 14:09:23,RT @CPH_QUB: In case you missed it - catch up on this fantastic podcast on the impact of #COVID19 on older people  from our very own @CPH_Q‚Ä¶,0,,False
1260572854959190016,2020-05-13 14:09:23,"""La Carsat Normandie s‚Äôadapte au Covid-19 en d√©veloppant les d√©marches en ligne"" via le site internet de @Rouen 
https://t.co/1l9Nunao15",0,,False
1260572854921428998,2020-05-13 14:09:23,RT @fabifbbr: Desde o come√ßo do corona luto p/n√£o relativizar direitos individuais/fundamentais.Ontem o Presidente entregou exame m√©dico ne‚Ä¶,0,,False
1260572854879490048,2020-05-13 14:09:23,"RT @DLasAmericas: #Am√©ricaLatina | #COVID-19 desata ""tormenta perfecta"" para la econom√≠a de #Cuba. https://t.co/uETBNrYL87",0,,False
1260572854841741316,2020-05-13 14:09:23,RT @Muktab_: I still can‚Äôt get over how Americans got tired of COVID and just decided it was over.,0,,False
1260572854816509952,2020-05-13 14:09:23,"RT @doolsetbangtan: BigHit Entertainment is taking preventive measures against coronavirus as an employee at Yanolja, housed in a neighbori‚Ä¶",0,,False
1260572854787203072,2020-05-13 14:09:23,"RT @jaywhyelle: I have a cousin who is an ER doctor. She said a colleague in his 30‚Äôs who was healthy got Covid, recovered, and started to‚Ä¶",0,,False
1260572854728491009,2020-05-13 14:09:23,"RT @iyan_choky: „Ö§
„Ö§                                            
         Yang diharapkan, corona hilang sebelum lebaran. Ehh malah gebetan.‚Ä¶",0,,False
1260572854678151169,2020-05-13 14:09:23,D·ªãch COVID-19 t·ªëi 13/5: ‚ÄúH·∫≠u qu·∫£ nghi√™m tr·ªçng‚Äù M·ªπ ph·∫£i ƒë·ªëi m·∫∑t n·∫øu m·ªü c·ª≠a s·ªõm https://t.co/G1nmDn3gZY https://t.co/9eMrDituzK,0,,False
1260572854581702657,2020-05-13 14:09:23,What Corona did to me. https://t.co/ciqLuuHWGh,0,,False
1260572854518677506,2020-05-13 14:09:23,RT @wisnu_prasetya: Peran dan Fungsi Rak Buku dalam Tayangan TV Selama Masa Pandemi Corona. https://t.co/Tf8yQ6MsSG,0,,False
1260572854493593600,2020-05-13 14:09:23,RT @dw_espanol: Rebeca‚ÄÇLane‚ÄÇy‚ÄÇMacha‚ÄÇCol√≥n‚ÄÇcuentan‚ÄÇa‚ÄÇNatalia‚ÄÇOrozco‚ÄÇc√≥mo‚ÄÇles‚ÄÇva‚ÄÇen‚ÄÇtiempos‚ÄÇde‚ÄÇcoronavirus‚ÄÇy‚ÄÇnos‚ÄÇcomparten‚ÄÇsus‚ÄÇinquietudes‚ÄÇy‚Ä¶,0,,False
1260572854313197576,2020-05-13 14:09:23,"Skoro zachorowalno≈õƒá na COVID-19 nie spada, to dlaczego wdra≈ºany jest III etap?. 18 maja nie bƒôdzie ju≈º chorych?.",0,,False
1260572854304768003,2020-05-13 14:09:23,"RT @AinhoaLodemas: Hola twitter, a ver si podeis hacer vuestra magia.
Mi padre tiene una polleria en A Coru√±a (C/ Pontedeume). Lo esta pasa‚Ä¶",0,,False
1260572854283915271,2020-05-13 14:09:23,"RT @AMemNoticias: Com o objetivo de evitar a propaga√ß√£o do novo coronav√≠rus entre os ind√≠genas, a desembargadora federal do Tribunal Region‚Ä¶",0,,False
1260572854195716101,2020-05-13 14:09:23,"Daily News |  When a ventilator wasn‚Äôt enough, this coronavirus patient went on ECMO. It was not a sure thing. https://t.co/XA7bnbIbyg",0,,False
1260572854141227010,2020-05-13 14:09:23,‚ÄúCorona ü¶† bitecek yakƒ±nda bulu≈üacaƒüƒ±z.‚Äù #19Mayƒ±sGenclikveSporBayramƒ± üáπüá∑üëèüèª #Evde19Mayƒ±s @kasapoglu @ihsanselimb‚Ä¶ https://t.co/XjMIjVjSNE,1,,False
1260572854132903936,2020-05-13 14:09:23,"RT @NYGovCuomo: Price gouging on products that protect people from Coronavirus is dishonest.

It‚Äôs also illegal.

New York State has referr‚Ä¶",0,,False
1260572854007083012,2020-05-13 14:09:23,"RT @DeanBrowningPA: I am calling for the immediate resignation of @SecretaryLevine.

This makes it very clear that she knew the consequence‚Ä¶",0,,False
1260572854002819075,2020-05-13 14:09:23,The International Maritime Organization In The Shadow Of¬†Covid-19 https://t.co/VnyY9N2jCU,0,,False
1260572853994471429,2020-05-13 14:09:23,@rmexel Depois o covas e Doriana diz que √© para proteger as pessoas do corona v√≠rus,0,rmexel,False
1260572853986037760,2020-05-13 14:09:23,"Corona u got one more week before I go out, idc",0,,False
1260572853898010630,2020-05-13 14:09:23,"‚ÄúThe future of hotels is going to be changed forever,‚Äô‚Äô a general manager says. Here's what hotels are learning fro‚Ä¶ https://t.co/JCrYGH8qXe",0,,False
1260572853788966913,2020-05-13 14:09:23,"RT @TeamPelosi: Putting money on Americans' pockets, protecting those on the frontlines &amp; feeding the hungry, according to Washington Repub‚Ä¶",0,,False
1260572853747044357,2020-05-13 14:09:23,"RT @PCStuVoiceTeam: That over 4,400 students have taken our Coping with Covid survey so far is electrifying. But we will not rest until we‚Ä¶",0,,False
1260572853742731270,2020-05-13 14:09:23,RT @MakeWomenCount: The response to the #COVID19 crisis presents an #opportunity to protect #women‚Äôs lives and livelihoods by improving wom‚Ä¶,0,,False
1260572853734379522,2020-05-13 14:09:23,"RT @barbaratoth: Ich habe versucht, anhand neuer Dokumente zu rekonstruieren, was in den Corona-Wochen hinter den politischen Kulissen gesc‚Ä¶",0,,False
1260572853667274756,2020-05-13 14:09:23,"RT @alexnazaryan: The United States has 4.2% of the world's population, but 28.2% of the world's reported coronavirus deaths.",0,,False
1260572853579243522,2020-05-13 14:09:23,"RT @SaketGokhale: A week before the national lockdown, Modi &amp; Shah were working hard to downplay the threat of Covid-19. 

Directions were‚Ä¶",0,,False
1260572853478588418,2020-05-13 14:09:23,"RT @SteveSchmidtSES: It is Tuesday evening and America is being smothered under a toxic fog of lies, conspiracy theories, false accusations‚Ä¶",0,,False
1260572853470146568,2020-05-13 14:09:23,"RT @Tpopularfront: Labour need to be a lot more Dawn Butler on Coronavirus, and a lot less Barry Sheerman. 

 https://t.co/Fb07NuhUqO",0,,False
1260572853415657475,2020-05-13 14:09:23,RT @Jambock67: O Presidente da Rep√∫blica Federativa do Brasil foi obrigado pelo stf bolivariano  a entregar o resultado do seu exame p/ cov‚Ä¶,0,,False
1260572853398835202,2020-05-13 14:09:23,Seit gestern gibt es keine neu mit dem #Coronavirus infizierten Personen in #Wolfsburg (insg. 290) und auch keine w‚Ä¶ https://t.co/zxkXJw69KN,0,,False
1260572853273088003,2020-05-13 14:09:23,https://t.co/2FRFnLdoP3,0,,False
1260572853239455746,2020-05-13 14:09:23,EA | https://t.co/cxKaq5IVyk Seizing this opportunity to witness in the community The coronavirus pandemic has brou‚Ä¶ https://t.co/PuuVxMfYJu,0,,False
1260572853201784834,2020-05-13 14:09:23,"RT @JuanaPe62363124: Tan mal estamos que ni siquiera contamos con las cabinas de transporte de uso especial para  pactes COVID. 
Se traslad‚Ä¶",0,,False
1260572853184978947,2020-05-13 14:09:23,"RT @Lrihendry: BREAKING! Amid fears of coronavirus spread, Paul Manafort was released from federal prison to serve the remainder of his 7¬Ω-‚Ä¶",0,,False
1260572853075881991,2020-05-13 14:09:23,"RT @hdemauleon: Domando la epidemia y aplanando la curva.
Verdaderamente criminal.
üëá
Fallan las pruebas de Covid que usa M√©xico: cunden ""fa‚Ä¶",0,,False
1260572853075877892,2020-05-13 14:09:23,"RT @Rntk____: it's 100 % sure, China hiding again.

Another Leaked Footage #China #Guangdong Province. It seems the situation is very serio‚Ä¶",0,,False
1260572853025542144,2020-05-13 14:09:23,RT @CBS_Herridge: BREAKING: Lawyer Kevin Downing confirms @CBSNews client Paul Manafort released this morning from Fed Prison to home confi‚Ä¶,0,,False
1260572852987793409,2020-05-13 14:09:23,"RT @narendramodi_in: Inspiring words of a leader to a brave nation.

Corona se ladenge bhi, aur aage badhenge bhi!

Today's pro-MSME decisi‚Ä¶",0,,False
1260572852891377677,2020-05-13 14:09:23,"CORONAVIRUS LATEST
Reports of increases in Anti-Asian hate crimes during coronavirus crisis

https://t.co/VlDjD6b1AM https://t.co/maSu1Yyx5l",0,,False
1260572852757172225,2020-05-13 14:09:23,"RT @biankaavieira: A modelo Luana Delevedove, que namora Jair Renan, mobilizou uma doa√ß√£o de mil m√°scaras descart√°veis que seriam distribu√≠‚Ä¶",0,,False
1260572852627165186,2020-05-13 14:09:23,RT @suchitrav: This use of the Covid-19 lockdown to pass these immoral and inherently undemocratic orders by the UP and MP governments will‚Ä¶,0,,False
1260572852622950403,2020-05-13 14:09:23,RT @fuchikoma1977: Êó•Áµå„É°„Éá„Ç£„Ç´„É´„ÅÆNY„ÅÆÂåªÁôÇÊ©üÈñ¢„Å´Âã§„ÇÅ„ÇãÊó•Êú¨‰∫∫ÂåªÂ∏´„ÅÆCOVID-19ÈóòÁóÖË®ò„Çà„Çä„ÄÇNYÂ∑û„ÅÆ‰øùÂÅ•ÂΩìÂ±Ä„ÅØÂêàÁêÜÁöÑ„ÄÇPHEIC„Å´„Åä„ÅÑ„Å¶„ÄÅÁÑ°Èóá„Å´Ê§úÊüª‰ª∂Êï∞„ÇíÂ¢ó„ÇÑ„Åï„Åö„É™„ÇΩ„Éº„Çπ„ÇíÊ∏©Â≠ò„Åô„ÇãÊà¶Áï•„ÅÆ‰∏Ä„Å§„Å™„ÅÆ„Åã„ÇÇ„Åó„Çå„Åæ„Åõ„Çì„ÄÇÈÇ™Êé®„Åß„Åô„Åå„ÄÅÁõ∏ÂØæÁöÑ„Å´Êó•Êú¨„ÅÆÊñπ„ÅåÊ§úÊüª„Çí„ÇÑ„Çä„Åô„Åé‚Ä¶,0,,False
1260572852572631040,2020-05-13 14:09:23,"RT @ProfPLOLumumba: ""The major move that has been taken by the people of Madagascar through their government to develop a possible cure for‚Ä¶",0,,False
1260572852559974400,2020-05-13 14:09:23,Ëá™Á≤õÂÖ•„Å£„Å¶„Åã„ÇâÈáë„ÅåÂâç„Çà„ÇäË≤Ø„Åæ„Çã„Çà„ÅÜ„Å´„Å™„Å£„Å¶„Çã„Åó„ÅÑ„Åã„Å´‰ªä„Åæ„Åß„É©„Ç§„Ç∏„É≥„Ç∞„Å®„Ç¢„Ç§„Ç´„ÉÑ„Å´Èáë‰Ωø„Å£„Å¶„Åü„ÅÆ„Åã„Åå„Çè„Åã„Çã„Å™,0,,False
1260572852555841540,2020-05-13 14:09:23,"RT @Dandhy_Laksono: Mau mengumpat ""sampah!"", tapi bahkan sampah pun masih ada gunanya.

https://t.co/HSthjpFJPy",0,,False
1260572852513841153,2020-05-13 14:09:23,"RT @DailyPostNGR: Presidential aide, Onochie gives reasons Buhari can‚Äôt reject Madagascar‚Äôs herbal solution for COVID-19 https://t.co/qVnse‚Ä¶",0,,False
1260572852459372545,2020-05-13 14:09:22,RT @FishBowlOfWine: Coronavirus really thought it could get in the way of Owanbe swag. How naive.,0,,False
1260572852434206731,2020-05-13 14:09:22,RT @mahtowin1: Native people are 11% of the overall population in New Mexico but comprise 50% of the people in the state who have died from‚Ä¶,0,,False
1260572852400553992,2020-05-13 14:09:22,"RT @nhdogmom: Team Trump Pushes CDC to Dial Down Its Death Counts
 https://t.co/qA3uEEOHXu via @thedailybeast",0,,False
1260572852388016129,2020-05-13 14:09:22,@PATRIOTQ1776 It all makes even more sense now. Get the DNA üß¨ through Covid-19 testing. Social distancing for face recognition. ü§≥ ü§¶üèª‚Äç‚ôÇÔ∏è,0,PATRIOTQ1776,False
1260572852295794688,2020-05-13 14:09:22,"RT @HDLanchile: Gente, saquen sus propias conclusiones acerca de los testeos. Es el primer caso que conozco de un infectado, es un amigo. S‚Ä¶",0,,False
1260572852291538944,2020-05-13 14:09:22,RT @ghendapaul: Les hypocrites portaient un masque bien avant le covid.,0,,False
1260572852241211394,2020-05-13 14:09:22,"RT @ConElMartilloD: #13May
üì¢ ¬°LA ETIQUETA DEL D√çA! ‚è©  
#VenezuelaConcienciaProductiva

En medio de la pandemia por Covid-19 continuamos ava‚Ä¶",0,,False
1260572852220297225,2020-05-13 14:09:22,RT @laroyferrer: how do u set aside covid for humanity when its like ?? directly affecting humanity rn ??? huh?????,0,,False
1260572852178358273,2020-05-13 14:09:22,"quando acharem a vacina pro corona, eu vou pegar meu dinheiro guardado e vou de √¥nibus pra paraty, √© isso",0,,False
1260572852148940801,2020-05-13 14:09:22,"RT @RevistaSignum: üìåSe est√°n creando nuevas estructuras de poder y formas de comunicaci√≥n pol√≠tica.‚ôüÔ∏è

@homsricardo escribe ""El COVID-19 y‚Ä¶",0,,False
1260572852098666496,2020-05-13 14:09:22,"Toscana. Anticipo su ammortizzatori Covid, incontro con banche. La Regione invier√† lettera ad aziende‚Ä¶ https://t.co/YbkBxcJmHp",0,,False
1260572852081877000,2020-05-13 14:09:22,"RT @Estambul1010: Que sep√°is que Carmen Calvo ya ten√≠a mala cara antes de tener coronavirus, que ahora queremos echarle la culpa de todo a‚Ä¶",0,,False
1260572852052426754,2020-05-13 14:09:22,RT @MikeCarlton01: Brilliant.  How to write a political column.  @MarinaHyde  https://t.co/cvVomSyVbm,0,,False
1260572852044148736,2020-05-13 14:09:22,"RT @El_Gato_Paco: La Covid-19 no es excusa para abandonar a nuestros gatos, ellos no la transmiten a los seres humanos https://t.co/4boVG55‚Ä¶",0,,False
1260572852023185418,2020-05-13 14:09:22,"for one of my moot yang sekarang lagi deactive, sedang pusing ngerjain skripsi (yg agak mandeg gara-gara covid), la‚Ä¶ https://t.co/hKfZ4vNZjn",0,,False
1260572852002205697,2020-05-13 14:09:22,"Ingat !!!! 

Para casis polri tahun 2020,persiapkan diri kalian dengan sebaik mungkin, perbanyak belajar dan berlat‚Ä¶ https://t.co/NVsJpfnqVW",0,,False
1260572851817656321,2020-05-13 14:09:22,"@oatila vi no twitter gr√°ficos mostrando redu√ß√£o da taxa de transmiss√£o do coronav√≠rus ap√≥s as quarentenas, separad‚Ä¶ https://t.co/h65rrJEv3D",0,oatila,False
1260572851721113602,2020-05-13 14:09:22,"RT @IngrahamAngle: Almost 70% of PA‚Äôs Covid-19 deaths, 2611 of 3806, have occurred in nursing homes or long-term care‚ÄîPA should never have‚Ä¶",0,,False
1260572851624710146,2020-05-13 14:09:22,"@vickiecomsouza @sameoldweird Gente meus sonhos t√£o exatamente assim, eu t√¥ suave e do nada fico ""calma eu n√£o deve‚Ä¶ https://t.co/FH6H6jyy7C",0,vickiecomsouza,False
1260572851549212672,2020-05-13 14:09:22,RT @DCM_online: Namorada de filho de Bolsonaro perde tia para o coronav√≠rus e desabafa: ‚ÄúN√£o √© gripezinha‚Äù https://t.co/hixP04dNRe,0,,False
1260572851490488321,2020-05-13 14:09:22,"RT @polimernews: #BREAKING || ‡Æ§‡ÆÆ‡Æø‡Æ¥‡Øç‡Æ®‡Ææ‡Æü‡Øç‡Æü‡Æø‡Æ≤‡Øç ‡Æá‡Æ©‡Øç‡Æ±‡ØÅ 509 ‡Æ™‡Øá‡Æ∞‡ØÅ‡Æï‡Øç‡Æï‡ØÅ ‡Æï‡Øä‡Æ∞‡Øã‡Æ©‡Ææ ‡Æâ‡Æ±‡ØÅ‡Æ§‡Æø ‡Æö‡ØÜ‡ÆØ‡Øç‡ÆØ‡Æ™‡Øç‡Æ™‡Æü‡Øç‡Æü‡ØÅ‡Æ≥‡Øç‡Æ≥‡Æ§‡ØÅ

‡Æ§‡ÆÆ‡Æø‡Æ¥‡Øç‡Æ®‡Ææ‡Æü‡Øç‡Æü‡Æø‡Æ≤‡Øç ‡Æá‡Æ§‡ØÅ‡Æµ‡Æ∞‡Øà ‡Æï‡Øä‡Æ∞‡Øã‡Æ©‡Ææ ‡Æ™‡Ææ‡Æ§‡Æø‡Æ™‡Øç‡Æ™‡ØÅ ‡Æé‡Æ£‡Øç‡Æ£‡Æø‡Æï‡Øç‚Ä¶",0,,False
1260572851490426883,2020-05-13 14:09:22,"RT @GW2Collective: After being caught by COVID, these coins finally made their way home! #GW2 fans, come celebrate with us with a giveaway!‚Ä¶",0,,False
1260572851482046466,2020-05-13 14:09:22,25 new #Corona cases in #Tiruvallur and #Chengalpet each,1,,False
1260572851461120000,2020-05-13 14:09:22,"#Cuba A 60 d√≠as de lucha constante contra la #COVID19, el contagio disminuye poco a poco, gracias a m√©dicos, cient√≠‚Ä¶ https://t.co/oCW6i5Kazf",0,,False
1260572851385651206,2020-05-13 14:09:22,RT @NPR: If you haven't gotten your coronavirus relief payment yet ‚Äî and you'd like to receive it by direct deposit ‚Äî make sure the IRS has‚Ä¶,0,,False
1260572851385651203,2020-05-13 14:09:22,RT @bennyjohnson: CIA 'believes China pressured WHO to downplay the risk of coronavirus' https://t.co/0RiFUBvQ6S,0,,False
1260572851276562433,2020-05-13 14:09:22,"RT @GiffordsCourage: For every person killed with a gun in self-defense, there are:

- 34 gun homicides
- 82 gun suicides
- 2 unintentional‚Ä¶",0,,False
1260572851259748354,2020-05-13 14:09:22,"RT @Sask_NDP: Internet access is important, especially now. It‚Äôs time to invest in SaskTel and get rural people the internet access they ne‚Ä¶",0,,False
1260572851125604367,2020-05-13 14:09:22,"RT @g1: #Medicamento - Ap√≥s alerta de Teich sobre riscos da cloroquina, Bolsonaro defende o rem√©dio e pede ministros 'afinados' com ele. N√£‚Ä¶",0,,False
1260572850957832192,2020-05-13 14:09:22,"RT @alexnazaryan: The United States has 4.2% of the world's population, but 28.2% of the world's reported coronavirus deaths.",0,,False
1260572850924249090,2020-05-13 14:09:22,"RT @BNJhaBJP: Welcoming @Nishad_BJP bhai after fighting as Corona Suspected patient in Safadarajng Hospital.
@ManojTiwariMP @VikasKumarBJP‚Ä¶",0,,False
1260572850911657986,2020-05-13 14:09:22,"RT @nationalpost: $2.5B COVID-19 aid package for seniors gives too much to people who don't need it, experts say https://t.co/zU3fpMCQ7x",0,,False
1260572850903277572,2020-05-13 14:09:22,RT @AmedoShair: This is not about Yussuf Hassan but on all of us. Kamukunji MP Yussuf Hassan won't get Covid 19 and die on our behalf. We m‚Ä¶,0,,False
1260572850894901248,2020-05-13 14:09:22,"RT @eigermania: Pode at√© ser que esse estudo sobre a maconha em rela√ß√£o ao covid seja verdade, mas n√£o vai ser atrav√©s desse teu prensado d‚Ä¶",0,,False
1260572850810994694,2020-05-13 14:09:22,"RT @ryanstruyk: US coronavirus deaths

10 wks ago: 9 deaths
9 wks ago: 31 deaths
8 wks ago: 111 deaths
7 wks ago: 704 deaths
6 wks ago: 383‚Ä¶",0,,False
1260572850798419968,2020-05-13 14:09:22,"RT @DominiqueMeshal: Not them falsely claiming majority of black people are catching COVID-19, just to scare us into being the main ones to‚Ä¶",0,,False
1260572850647416833,2020-05-13 14:09:22,Los temores de los repartidores de paquetes al momento de hacer una entrega en medio de la pandemia del covid-19‚Ä¶ https://t.co/9gbtd6z4nU,0,,False
1260572850584530944,2020-05-13 14:09:22,RT @IngrahamAngle: A few days ago: ‚ÄúGovernor Wolf takes to Twitter to warn those who disobey order‚Äù | ABC27 .. but now we know ‚ÄúNearly 70%‚Ä¶,0,,False
1260572850534187009,2020-05-13 14:09:22,"RT @NYGovCuomo: I'm proposing the Americans First Law: If a corporation does not rehire the same number of employees, they must return any‚Ä¶",0,,False
1260572850479661065,2020-05-13 14:09:22,RT @minisugacheonye: Un vecino del edificio de BH dio positivo en Covid espero que todos los trabajadores y los chicos est√©n bien,0,,False
1260572850404155397,2020-05-13 14:09:22,RT @jangajentaan: Dezelfde virologen die de eerste golf van het #coronavirus niet zagen aankomen treden nu op in talkshows als een soort zi‚Ä¶,0,,False
1260572850383130627,2020-05-13 14:09:22,RT @SeducEdoMex: Te compartimos la actualizaci√≥n del Reporte #Covid_19mx en el #Edom√©x. #Qu√©dateEnCasa.,0,,False
1260572850370592773,2020-05-13 14:09:22,"RT @DoctorTro: ‚ÄúCOVID antibodies don‚Äôt confirm immunity‚Äù

But they want to develop and market a vaccine... 

Okay üëå",0,,False
1260572850362212356,2020-05-13 14:09:22,"RT @RossFairchild: Did you know the average size of the COVID-19 virus particle ranges from .06 to .14 Microns? 

Did you know the hoarded‚Ä¶",0,,False
1260572850324463625,2020-05-13 14:09:22,"Rindu camping, rindu angin segar, rindu suasanya, rindu dinginya kabut :3

Cepatlah pergi corona, aku kangen ngecam‚Ä¶ https://t.co/bMoqywojSL",1,,False
1260572850286669825,2020-05-13 14:09:22,RT @laurakkkjjj: eu sempre preferi meninos magrelos e eu estava certa o tempo todo. pois enquanto os marombas est√£o na academia se expondo‚Ä¶,0,,False
1260572850051780608,2020-05-13 14:09:22,"RT @SteveSchmidtSES: It is Tuesday evening and America is being smothered under a toxic fog of lies, conspiracy theories, false accusations‚Ä¶",0,,False
1260572850005688320,2020-05-13 14:09:22,RT @mavidonate: #Covid_19 Ser√°n capaces en #Wuhan #China de testar a sus 11 millones de habitantes en 10 d√≠as? Pues es lo que anunciaron ay‚Ä¶,0,,False
1260572849942810625,2020-05-13 14:09:22,Paul Manafort released from prison to home confinement amid coronavirus concerns https://t.co/vJNupDanpv,0,,False
1260572849863081985,2020-05-13 14:09:22,"RT @MercalNEsparta_: #12May Conmemoramos el D√≠a Internacional de las Enfermeras, a quien enviamos toda nuestra admiraci√≥n y respeto por su‚Ä¶",0,,False
1260572849816907777,2020-05-13 14:09:22,"RT @democraticbear: No doubt that Gov. Kemp (R-GA) is proud to hold Trump's hand.  Then, is he proud to make GA into the petri dish of COVI‚Ä¶",0,,False
1260572849770827776,2020-05-13 14:09:22,RT @piersmorgan: The total number of UK excess deaths during the #coronavirus crisis is now believed to be the same number of people as in‚Ä¶,0,,False
1260572849762435072,2020-05-13 14:09:22,"#SaudiArabia : Ministry of Health reported today 1905 new cases of the novel #Coronavirus , bringing the total case‚Ä¶ https://t.co/WfZ2KJgr2C",0,,False
1260572849754046464,2020-05-13 14:09:22,"RT @Koreaboo: Big Hit Entertainment Undergoes Full Sanitation To Prevent Coronavirus Spread

https://t.co/Sl65TK6kym",0,,False
1260572849724690433,2020-05-13 14:09:22,I have no doubt that he would use the NFL being able to play as a catalyst to engergize his base. If that means fun‚Ä¶ https://t.co/l02AXS1MUq,0,,False
1260572849691131908,2020-05-13 14:09:22,"RT @MsActiviss: This is heinous! 
Sociopathy from the WH.
Trump had the PPE confiscated from this CO nursing home despite dire need.
Reside‚Ä¶",0,,False
1260572849670160384,2020-05-13 14:09:22,"RT @Banavihaldia: #Ent√©rate | Venezuela registra un solo caso de Covid-19 en las √∫ltimas 24 horas y tasa de recuperaci√≥n asciende a 52%

Le‚Ä¶",0,,False
1260572849624006656,2020-05-13 14:09:22,"RT @webcamsdemexico: RT @Tu_IMSS:

L√°vate las manos correctamente y evita contagios con los pasos #CincoDeCinco contra el #Coronavirus #COV‚Ä¶",0,,False
1260572849544269824,2020-05-13 14:09:22,"RT @PNS_News: Report: Women account for nearly 60% of all job losses, across all sectors, since the #coronavirus brought the U.S. economy t‚Ä¶",0,,False
1260572849368113163,2020-05-13 14:09:22,RT @scrowder: So @CNN's bombshell poll that 68% of Americans don't want to return to normal life before we have a COVID vaccine? Yeah. It w‚Ä¶,0,,False
1260572849343025159,2020-05-13 14:09:22,"RT @AndreQuintaoPT: Para cada caso confirmado, existem outros 16 que n√£o foram notificados. Minas √© um dos estado que menos testa no pa√≠s.‚Ä¶",0,,False
1260572849296805890,2020-05-13 14:09:22,–§—É—Ç–±–æ–ª –ø–æ–≤—Å—é–¥—É‚Ñ¢Ô∏è –î–µ—Ç–∏ –ì–∞–º–º—ã –∏ –ú–∞—à–Ω–∏–Ω–∞ –∏–≥—Ä–∞—é—Ç –Ω–∞ —Å—Ç–∞–¥–∏–æ–Ω–µ. #–≤–º–µ—Å—Ç–µ–ø–æ–±–µ–¥–∏–º #–∑–µ–Ω–∏—Ç #—Ñ—É—Ç–±–æ–ª #—Å—Ç–∞–¥–∏–æ–Ω #–≥–∞–∑–ø—Ä–æ–º‚Ä¶ https://t.co/GVDWgkPgo7,0,,False
1260572849162670094,2020-05-13 14:09:22,"RT @Tomo20309138: ‚ë†

„Äê‰∏≠ÂõΩË£Ω„ÅÆ„Éû„Çπ„ÇØË¶èÊ†ºË¶ÅÊ≥®ÊÑè„Äë

PDF„Å®„É™„É≥„ÇØË™≠„Çì„Åß„Å≠ÔºàÁ±≥FDAÂÖ¨ÂºèÔºâ‚Üì

PDF
https://t.co/6RCRDZOMUh

Strategies for Optimizing the Supply of N95 Respira‚Ä¶",0,,False
1260572849129078787,2020-05-13 14:09:22,"So far 9 passengers returned from other countries reported positive 

#Covid https://t.co/X6Bq7EDbdV",6,,False
1260572849061969924,2020-05-13 14:09:22,"""So-called corona remedy""  yall believe the only ""remedy"" are your western cancer-inducing pills. https://t.co/GT5OPT0IRi",0,,False
1260572849028431875,2020-05-13 14:09:22,"RT @vijayNe11088447: Join @NPC_INDIA_GOV

#Webinar on Good #ManufacturingPractices post #COVID #lockdown for #Food #BusinessOperators

Date‚Ä¶",0,,False
1260572848978001920,2020-05-13 14:09:22,"RT @rzrhmn: Pengalaman saya selama menjalani masa penyembuhan di R. Isolasi PDP Corona

THREAD

#dirumahaja https://t.co/Hy5sadiXWZ",0,,False
1260572848936058880,2020-05-13 14:09:22,"@ErnesBustamante @nytimes @Minsa_Peru Nadie puede creer eso, solo en Ucayali hay 70 muertes de acuerdo al gobierno,‚Ä¶ https://t.co/O9AqJCP7F4",0,ErnesBustamante,False
1260572848910974981,2020-05-13 14:09:22,RT @kneerecon: Impt to note that despite Trump‚Äôs maligning the WHO and restricting funds they declared in March 11 of this year that Covid-‚Ä¶,0,,False
1260572848873246720,2020-05-13 14:09:22,"RT @waltshaub: Coronavirus is moping the floor with Trump, so he's whining about his predecessor and poking others for trying to hold him a‚Ä¶",0,,False
1260572848676102144,2020-05-13 14:09:22,RT @patrickoyulu: ...The Winner! #coronavirus https://t.co/hzBtpwUy7s,0,,False
1260572848676057088,2020-05-13 14:09:22,"RT @IngrahamAngle: Almost 70% of PA‚Äôs Covid-19 deaths, 2611 of 3806, have occurred in nursing homes or long-term care‚ÄîPA should never have‚Ä¶",0,,False
1260572848596422656,2020-05-13 14:09:22,"Smoking is Associated with COVID-19 Progression: A Meta-Analysis Published: 13 May 2020
https://t.co/7ohHu7tDXT

https://t.co/WxwknMExF9",0,,False
1260572848592224256,2020-05-13 14:09:22,RT @njeri5gitau: God told @prophetahuva the sight of Africans with masks in rural areas is a sick joke to the spirit realm. They are not pr‚Ä¶,0,,False
1260572848558669830,2020-05-13 14:09:22,RT @charlesornstein: Rob was one of the good guys. Will be missed by all. New Jersey Police Officer Dies from Coronavirus at 45  https://t.‚Ä¶,0,,False
1260572848550293519,2020-05-13 14:09:22,"RT @PedroMCasals: Una sola persona con #coronavirus puede contagiar hasta 52 en apenas 10 minutos de interacci√≥n.

Si vas a salir:

‚ÄîEvita‚Ä¶",0,,False
1260572848483110913,2020-05-13 14:09:22,"RT @UsagiMaskchan: BYD„Éû„Çπ„ÇØ(66)

ÈÄüÂ†±üö®Á±≥ÂõΩÂè∏Ê≥ïÁúÅ„ÄÅ„Ç´„É™„Éï„Ç©„É´„Éã„Ç¢Â∑ûNewsomÁü•‰∫ã„Åå‰∏ªÂ∞é„Åó„Åü„Éû„Çπ„ÇØÂèñÂºï„ÇíÔºúË©êÊ¨∫Áñë„ÅÑÔºû„ÅßÊçúÊüªÈñãÂßãÔºÅ

ÊçúÊüªÂØæË±°„Å´„ÅØBYD„Å®„ÅÆ„Éû„Çπ„ÇØÂèñÂºï„ÇÇÂê´„Åæ„Çå„Çã

BYD„ÅÆ‰ªñ„Å´„ÇÇVAÂ∑û„ÅÆ‰ºöÁ§æ„Å´5ÂÑÑ„Éâ„É´„ÇíÈÄÅÈáë„Åó„Åü„ÅåÂØæÂøúÈäÄË°å„ÅåË©êÊ¨∫„ÇíÁñë„ÅÑF‚Ä¶",0,,False
1260572848478961664,2020-05-13 14:09:22,"RT @CoopParty: There are vulnerable workers across the globe who are having their health and livelihoods threatened by COVID-19, including‚Ä¶",0,,False
1260572848470528000,2020-05-13 14:09:22,"RT @MiguelHilarioE: Hermanos es muy doloroso perder a los que m√°s amamos, acaba de fallecer a la 1 p.m. aproximadamente mi t√≠o Silvio Valle‚Ä¶",0,,False
1260572848407621636,2020-05-13 14:09:22,Bir ≈üey deyim mi √ßocuklarƒ±n dƒ±≈üarda oyun oynamalarƒ±nƒ± baƒüƒ±rƒ±p ≈üarkƒ± s√∂ylemlerini √∂zlemi≈üim her seferinde bunu da mƒ±‚Ä¶ https://t.co/5vGnyYrzRq,0,,False
1260572848298524676,2020-05-13 14:09:22,RT @MattWalshBlog: The PA Health Secretary moved her own mother out of a nursing home while sending COVID patients into nursing homes. This‚Ä¶,0,,False
1260572848290217984,2020-05-13 14:09:22,RT @DailyCaller: The mother of Pennsylvania Health Secretary Rachel Levine @SecretaryLevine was moved out of a personal care home after Lev‚Ä¶,0,,False
1260572848235651072,2020-05-13 14:09:21,"RT @BamaJeans24: If I get COVID, I will Demand Hydroxychloroquin

https://t.co/GBGrAGyeUg",0,,False
1260572848218943489,2020-05-13 14:09:21,Covid Toes?? https://t.co/982ypwuDaA,0,,False
1260572848193769474,2020-05-13 14:09:21,"RT @FiiDee_: üòÇ 

Nah we only deserve expensive shit we were to leave money and all the good things behind bana because of corona https://t.‚Ä¶",0,,False
1260572848126648326,2020-05-13 14:09:21,RT @apashish: @AskAnshul Respected Sir Please be the voice of EWS youth to get AgeRelaxation in CentralGovernmentExams... It's really very‚Ä¶,0,,False
1260572848088928258,2020-05-13 14:09:21,"RT @actuniger: Economie¬†: selon le FMI, le Niger pourrait √™tre la seconde √©conomie africaine qui r√©sisterait √† la crise du Covid-19 | ActuN‚Ä¶",0,,False
1260572848067878912,2020-05-13 14:09:21,RT @anneapplebaum: Hong Kong is densely populated with crowded public transport and a government no one trusts. @zeynep explains how the ci‚Ä¶,0,,False
1260572848038518784,2020-05-13 14:09:21,Coronavirus: Tanzania hospitals overwhelmed - US https://t.co/eQlM2CCIYr https://t.co/PRd0MmYbeb,0,,False
1260572848034385922,2020-05-13 14:09:21,RT @democracynow: Naomi Klein: Healthcare Industry Sees ‚ÄúPotential Bonanza‚Äù of Profits in COVID-19 Crisis https://t.co/8W8jHKggI7 https://t‚Ä¶,0,,False
1260572847988236289,2020-05-13 14:09:21,Morning Report: FTSE 100 falls on fears of second wave of global coronavirus casualties #Coronavirus [Video]‚Ä¶ https://t.co/87LtvXp7B6,0,,False
1260572847975661568,2020-05-13 14:09:21,RT @RandPaul: Thank you ‚Å¶@IngrahamAngle‚Å© for fighting to reopen America safely! Washington Examiner: Laura Ingraham praises Rand Paul quest‚Ä¶,0,,False
1260572847812075524,2020-05-13 14:09:21,"RT @jhowsiel: bom dia, mais um dia q eu acordei pensando nela

a vacina pro covid

microbio maldito acabou com as festa junina

mas n quero‚Ä¶",0,,False
1260572847803707392,2020-05-13 14:09:21,"RT @MinervaMcGrani1: Letteralmente, l'esperto vrologo della task force di Trump, ha riferito al Senato che non c'√® garanzia che il vaccino‚Ä¶",0,,False
1260572847799500806,2020-05-13 14:09:21,"RT @IngrahamAngle: ‚ÄúThe CDC later confirmed that they were including ‚Äúprobable‚Äù cases of the virus in its official counts, potentially addi‚Ä¶",0,,False
1260572847694655498,2020-05-13 14:09:21,"RT @SylviaNyongesa7: To protect  yourself and others against COVID -19.
Observe  hand hygiene.
Stay at home
Consume only well cooked food
V‚Ä¶",0,,False
1260572847690448898,2020-05-13 14:09:21,RT @EdmundoBerumen: MAPA | Los municipios con mayor incidencia de muertes de COVID-19 son tambi√©n los de m√°s pobreza https://t.co/V4trmrUWtE,0,,False
1260572847606464514,2020-05-13 14:09:21,"@LSOErach @Anshul__K @NHSEngland Thanks , not very good at understanding figures fully , if it states up until end‚Ä¶ https://t.co/o4pDGyBIWG",0,LSOErach,False
1260572847564558341,2020-05-13 14:09:21,"RT @ninagarcia: How The Fashion Industry Is Stepping Up To Fight Covid-19
https://t.co/DLzAaD7253
via @ELLEmagazine",0,,False
1260572847392636941,2020-05-13 14:09:21,"RT @DrEricDing: A new leaked dataset with 640,000 rows of coronavirus case data (compared w/ 82.9k reported China cases). Not entirely clea‚Ä¶",0,,False
1260572847363293184,2020-05-13 14:09:21,"RT @BrazilFight: BOLSONARO SOBRE SEU EXAME DE COVID
‚ÄúAlguns acham que estou mentindo sobre o exame ter dado negativo.
V√£o cair do cavalo, a‚Ä¶",0,,False
1260572847338119172,2020-05-13 14:09:21,‡§â‡§§‡•ç‡§§‡§∞ ‡§™‡•ç‡§∞‡§¶‡•á‡§∂ ‡§ï‡•á ‡§∏‡•ç‡§•‡§æ‡§Ø‡•Ä ‡§î‡§∞ ‡§Ö‡§∏‡•ç‡§•‡§æ‡§Ø‡•Ä ‡§ú‡•á‡§≤‡•ã‡§Ç ‡§ï‡•á ‡§ï‡•Å‡§≤ 22 ‡§ï‡•à‡§¶‡§ø‡§Ø‡•ã‡§Ç ‡§Æ‡•á‡§Ç ‡§ï‡•ã‡§∞‡•ã‡§®‡§æ ‡§∏‡§Ç‡§ï‡•ç‡§∞‡§Æ‡§£ - https://t.co/3TeEd9sHx0,0,,False
1260572847304564739,2020-05-13 14:09:21,"RT @eclat_joe: I felt very sick yesterday and i was scared it could be Covid-19 so i called my younger brother.
I told him how i was feelin‚Ä¶",0,,False
1260572847237484546,2020-05-13 14:09:21,I will Guest Post on high DR 54 web programming blog for $5 https://t.co/blW3BtxDR4 #beautiful #stayhomestaysafe #coronavirus,0,,False
1260572847107440644,2020-05-13 14:09:21,"RT @PedroMCasals: Una sola persona con #coronavirus puede contagiar hasta 52 en apenas 10 minutos de interacci√≥n.

Si vas a salir:

‚ÄîEvita‚Ä¶",0,,False
1260572847094759431,2020-05-13 14:09:21,RT @mccombmadeleine: HAPPENING NOW: @TomPerez joins Michigan educators to talk about how Trump's failed coronavirus response has failed stu‚Ä¶,0,,False
1260572847040233474,2020-05-13 14:09:21,"RT @brownsolar_: California wants to be energy independent by 2045 but with the corona virus, that may be stopped! https://t.co/7eyMXnmrcw",0,,False
1260572846998380544,2020-05-13 14:09:21,"RT @JC4PM2019: Let them try, Covid-19 has debunked trickle down once and for all... and revealed the true wealth creators, it‚Äôs us, it alwa‚Ä¶",0,,False
1260572846956429312,2020-05-13 14:09:21,"RT @detikinet: Meskipun sudah meninggal, ilmuwan muslim Ibnu Sina mewariskan sebuah ilmu yang dipakai dokter hari ini untuk melawan virus C‚Ä¶",0,,False
1260572846952198146,2020-05-13 14:09:21,RT @danagould: Mitch McConnell says the Obama Admin did not leave the Trump Admin ‚Äúany kind of game plan for something like [the coronaviru‚Ä¶,0,,False
1260572846943883270,2020-05-13 14:09:21,"RT @SaraJSGreene: Happy to share a new piece with @daliejimenez, @paige_skiba, @PamelaFoohey, and Michelle Miller on @ConversationUS. We ma‚Ä¶",0,,False
1260572846939672577,2020-05-13 14:09:21,RT @bbcswahili: Madereva 25 kutoka Tanzania wamezuiwa kuingia nchini Kenya baada ya kukutwa na virusi vya corona. https://t.co/RJxiDCqn3A,0,,False
1260572846931181568,2020-05-13 14:09:21,RT @DailyCaller: The mother of Pennsylvania Health Secretary Rachel Levine @SecretaryLevine was moved out of a personal care home after Lev‚Ä¶,0,,False
1260572846872580097,2020-05-13 14:09:21,"RT @doolsetbangtan: BigHit Entertainment is taking preventive measures against coronavirus as an employee at Yanolja, housed in a neighbori‚Ä¶",0,,False
1260572846792888322,2020-05-13 14:09:21,"POLL: Trump approval dips amid mounting coronavirus death toll, trails Biden by 8 points - https://t.co/hvTj97hCno https://t.co/l8ZUSv9GIy",0,,False
1260572846780297219,2020-05-13 14:09:21,RT @eldesconcierto: Ex ministro Hinzpeter de duelo: Su pap√° muri√≥ de coronavirus ‚ñ∂ https://t.co/M3bwoli8Ri https://t.co/IwCKGJdiap,0,,False
1260572846474002432,2020-05-13 14:09:21,A Life on and Off the Navajo Nation https://t.co/1OLZFuT19f,0,,False
1260572846453075968,2020-05-13 14:09:21,"RT @laurenboebert: If you think the effects of coronavirus are scary, you should study up on what happens to societies when they give up th‚Ä¶",0,,False
1260572846360838146,2020-05-13 14:09:21,"RT @masmedicoscl: Entrevista al Dr @RenatoAcunaL cirujano pedi√°trico de Cl√≠nica Alemana/Hosp Padre Hurtado e integrante de @masmedicoscl:
""‚Ä¶",0,,False
1260572846293692418,2020-05-13 14:09:21,"RT @okusdolphin: ‚ô´‚ô™ Stream the SINGLE: CORONA LOCKDOWN By OKUS DOLPHIN on SPOTIFY - Click here: https://t.co/jrNMJxV1NA
#Somerset #WestonSu‚Ä¶",0,,False
1260572846268579842,2020-05-13 14:09:21,"RT @pittgriffin: Tucker Carlson asks why we should listen to Dr Fauci as he is ""unelected"".

Thank God for that. Can you imagine if Republi‚Ä¶",0,,False
1260572846255980546,2020-05-13 14:09:21,"RT @CarolineLucas: Damning from top Covid cardiologist:

‚ÄúWe discharged known, suspected &amp; unknown cases into care homes ... with no formal‚Ä¶",0,,False
1260572846218260480,2020-05-13 14:09:21,RT @stwrtdalla: dor no peito n√£o sei se √© gases ansiedade corona estresse in√≠cio de um ataque card√≠aco sei l√° t√° foda,0,,False
1260572846172131328,2020-05-13 14:09:21,"RT @jaketapper: Covid-19 isn't just a respiratory disease. It hits the whole body

https://t.co/MuwxvS5Nkl",0,,False
1260572846117568513,2020-05-13 14:09:21,RT @AntonioMaestre: Ayuso tiene que explicar por qu√© dijo que se fue al hotel a pasar la cuarentena por el COVID cuando se fue d√≠as antes d‚Ä¶,0,,False
1260572846104993793,2020-05-13 14:09:21,"RT @porrafaelreis: sim eu so penso em vc........

    vacina pro covid",0,,False
1260572846025256962,2020-05-13 14:09:21,RT @ConElPapa: ‚ÄúQuisiera recordaros que el 14 de mayo los creyentes de todas las religiones est√°n invitados a unirse espiritualmente en una‚Ä¶,0,,False
1260572846000091140,2020-05-13 14:09:21,"RT @jhowsiel: bom dia, mais um dia q eu acordei pensando nela

a vacina pro covid

microbio maldito acabou com as festa junina

mas n quero‚Ä¶",0,,False
1260572845945618433,2020-05-13 14:09:21,"RT @ClayTravis: If you are under 24 years old you are more likely to be struck by lightning ‚Äî 1 in 700,000 ‚Äî than you are to die of the cor‚Ä¶",0,,False
1260572845832273925,2020-05-13 14:09:21,RT @aquinaband: O deputado Osmar Terra (@OsmarTerra) diz que o cont√°gio do coronav√≠rus acontece mais dentro de casa do que nas ruas e que a‚Ä¶,0,,False
1260572845828190210,2020-05-13 14:09:21,RT @dcexaminer: A class-action lawsuit was filed against the state that claimed inspections by the @PAHealthDept have ‚Äúcome nearly to a hal‚Ä¶,0,,False
1260572845781983232,2020-05-13 14:09:21,Enjoy this very informative web presentation about the impact of COVID-19 on the economy with @leonlabrecque and‚Ä¶ https://t.co/2NEccWvGQI,0,,False
1260572845777858563,2020-05-13 14:09:21,"RT @HDGConsulting: Erin Hennessey, CEO of HDG, told @mcknightsltcn that providers want to ensure reopening nursing homes include ‚Äúwhat we k‚Ä¶",0,,False
1260572845765267467,2020-05-13 14:09:21,"RT @LockdownNo: Will @TfL requires masks on the tube? Imagine how suffocating that would be in July/August. 

#COVID„Éº19 #COVID19 #lockdowne‚Ä¶",0,,False
1260572845765201921,2020-05-13 14:09:21,RT @mehmetcilingiro: Bu g√ºnki Corona virus ü¶† sorgulamasƒ±nda √ßok a√ßƒ±k ve net s√∂ylendi ABD‚Äôdeki √∂l√ºm rakamlarƒ± aslƒ±nda √ßok daha y√ºksek. Lakin‚Ä¶,0,,False
1260572845744295936,2020-05-13 14:09:21,Mais 12 mortes e 219 infetados por Covid-19 em Portugal - @DGSaude #portugal #saude #covid19 - https://t.co/GHnMjxNot1,0,,False
1260572845622595586,2020-05-13 14:09:21,"RT @JuliaBradbury: Read this by @IcelandFoods boss @icelandrichard. He's at the forefront of business, he knows what he's talking about &amp; h‚Ä¶",0,,False
1260572845555568642,2020-05-13 14:09:21,"RT @SocialM85897394: Iain Dale Slams Dawn Butler For A Disgusting Lie

""The Prime Minister Is Sending People Out To Catch The Virus""

Lying‚Ä¶",0,,False
1260572845417037826,2020-05-13 14:09:21,RT @Muktab_: I still can‚Äôt get over how Americans got tired of COVID and just decided it was over.,0,,False
1260572845391917065,2020-05-13 14:09:21,RT @democracynow: Naomi Klein: Healthcare Industry Sees ‚ÄúPotential Bonanza‚Äù of Profits in COVID-19 Crisis https://t.co/8W8jHKggI7 https://t‚Ä¶,0,,False
1260572845337448449,2020-05-13 14:09:21,"Our Digital Tours are in the @broadstreview! Thank you for the great feature, and thank you to @rcollerd for captur‚Ä¶ https://t.co/rMl025HR8e",0,,False
1260572845157089280,2020-05-13 14:09:21,"RT @NIH: In recognition of #MentalHealthMonth, use these resources from #NIH's @nimhgov to help raise awareness about coping with #COVID19.‚Ä¶",0,,False
1260572845152796678,2020-05-13 14:09:21,RT @AmoedoCom: üî≤üëâLa privatizaci√≥n de las residencias de mayores desde el gobierno de @FeijooGalicia fue un factor determinante en la elevad‚Ä¶,0,,False
1260572845094117376,2020-05-13 14:09:21,"RT @robbystarbuck: Joe Biden says the only people getting hurt by coronavirus are Democrats. 

What a horrible thing for @joebiden to say.‚Ä¶",0,,False
1260572844888666112,2020-05-13 14:09:21,Economists surveyed by WSJ now expect GDP to shrink 6.6% in 2020 and unemployment to hit 17% in June https://t.co/KRT9WYgsZ8,0,,False
1260572844758577154,2020-05-13 14:09:21,"RT @catturd2: Here in Florida,  there has still only been 1 coronavirus case in my entire county - and they've fully recovered.

I can't te‚Ä¶",0,,False
1260572844708298753,2020-05-13 14:09:21,"RT @TianaTheFirst: Under Mayor London Breed, San Francisco County is now planning to begin reopening as soon as Monday. The home to the 2nd‚Ä¶",0,,False
1260572844670562312,2020-05-13 14:09:21,¬øNo has podido asistir en directo al #webinar en el que ha participado hoy nuestro Socio de #Consultor√≠a Jos√© Anton‚Ä¶ https://t.co/nxttJyrKp9,0,,False
1260572844666302470,2020-05-13 14:09:21,"RT @ANN_Newsable: #China tried to stop @WHO from declaring #COVID„Éº19 a 'global emergency', says CIA report

#COVID #Coronavirus

https://t.‚Ä¶",0,,False
1260572844616028162,2020-05-13 14:09:21,"RT @avestruzeterea: Ayer muri√≥ de COVID un mexicano cada 4 minutos.

Ayer se anunci√≥ m√°s de 555,200 empleos perdidos.

Ayer se denunci√≥ que‚Ä¶",0,,False
1260572844607639553,2020-05-13 14:09:21,"RT @waltshaub: Coronavirus is moping the floor with Trump, so he's whining about his predecessor and poking others for trying to hold him a‚Ä¶",0,,False
1260572844553121794,2020-05-13 14:09:21,"RT @Rconstantino: Oi? Atropelado, cirurgias, teste negativo, mas morreu de covid?! https://t.co/ukSmByBnea",0,,False
1260572844343394306,2020-05-13 14:09:21,"RT @NazareAmarga: sim eu s√≥ penso em vc........

    vacina pro covid",0,,False
1260572844276305920,2020-05-13 14:09:21,"#COVID19 could change long-term care forever ‚Äî at the site of Canada‚Äôs first outbreak, the shift is already underwa‚Ä¶ https://t.co/m7SnEOR3nN",1,,False
1260572844221706240,2020-05-13 14:09:21,Lab that first shared coronavirus sequence closed for ‚Äòrectification‚Äô https://t.co/iW2IZpArDC via @scmpnews,0,,False
1260572844192382978,2020-05-13 14:09:21,RT @TarekFatah: EXCLUSIVE: Young girls in UK are being forced into ‚Äôarranged‚Äô marriages during the coronavirus lockdown - ‚Å¶@EasternEye‚Å©  ht‚Ä¶,0,,False
1260572844100071427,2020-05-13 14:09:21,"RT @DegreesNYC: üö® NEWS YOU CAN USE üö® 
24 Churches will become temporary COVID-19 testing sites to increase access to testing‚ÄºÔ∏è 

Testing si‚Ä¶",0,,False
1260572844041424896,2020-05-13 14:09:20,"RT @pedroluisflores: 12/05 Maduro le hace un llamado a Europa y a EEUU para que ""aprendan a tratar a sus pueblos"" y les llama la atenci√≥n p‚Ä¶",0,,False
1260572843986898950,2020-05-13 14:09:20,RT @scrowder: So @CNN's bombshell poll that 68% of Americans don't want to return to normal life before we have a COVID vaccine? Yeah. It w‚Ä¶,0,,False
1260572843865190401,2020-05-13 14:09:20,RT @ParkerMolloy: Trump is trying to get the CDC to lie about how many people have died from COVID-19 https://t.co/VKrdPULwAF,0,,False
1260572843831681026,2020-05-13 14:09:20,RT @BreitbartNews: Press Sec. Kayleigh McEnany is making FOOLS out of the Left! https://t.co/74W5v9WEsO,0,,False
1260572843827433472,2020-05-13 14:09:20,"RT @AmitShah: Modi government understands the issues and problems faced by the MSMEs, amidst COVID-19 pandemic. To help them in these stres‚Ä¶",0,,False
1260572843806515203,2020-05-13 14:09:20,De komst van corona helpt sommige bedrijven en kwetst andere. Zo profiteert Ahold Delhaize van de kooplust van de c‚Ä¶ https://t.co/DJ03ztPy1l,0,,False
1260572843684892672,2020-05-13 14:09:20,"#Coronavirus: Mass Screening in #Hungary Only Found Two #COVID19 Positive Cases out of 8,276 Tests So Far‚Ä¶ https://t.co/LOHmBaeO1j",0,,False
1260572843538100225,2020-05-13 14:09:20,@AKTU_Lucknow @dpathak0108 @Vineetkansal2 @kamalranivarun @AICTE_INDIA @HRDMinistry @iet_lucknow Sir ak bat batiye‚Ä¶ https://t.co/FvRRyWqlul,0,AKTU_Lucknow,False
1260572843533905921,2020-05-13 14:09:20,RT @tempodotco: Ekonom Faisal Basri menilai langkah Dewan Perwakilan Rakyat mengesahkan Revisi Undang-undang Mineral dan Batu Bara di tenga‚Ä¶,0,,False
1260572843517018112,2020-05-13 14:09:20,RT @IngrahamAngle: A few days ago: ‚ÄúGovernor Wolf takes to Twitter to warn those who disobey order‚Äù | ABC27 .. but now we know ‚ÄúNearly 70%‚Ä¶,0,,False
1260572843349364739,2020-05-13 14:09:20,"RT @jamieson: Good news, everyone. Nebraska is no longer reporting the number of coronavirus cases inside meatpacking plants. Therefore, th‚Ä¶",0,,False
1260572843319988229,2020-05-13 14:09:20,"RT @DenbrotS: ""Yes, it is the president's fault. It is not China's fault.""

NYT  reporter rips into Trump administration's response to the‚Ä¶",0,,False
1260572843101872128,2020-05-13 14:09:20,"RT @chalo_vargasr: El que era cumplido antes del Covid , buscar√° la forma para seguir cumpliendo. El que era moroso, encontr√≥ la justificac‚Ä¶",0,,False
1260572843080900611,2020-05-13 14:09:20,"he can talk the talk but is incapable of walking the walk, the ability to do 2 things at a time eludes him‚Ä¶ https://t.co/1qCzcsq7Ld",0,,False
1260572843072524289,2020-05-13 14:09:20,"RT @YerkoGarafulic: Quiz√° el Jueves... Estar√°n vivos para entonces?
Laboratorio Lavogen, SC.
Viernes 8, precio 2600Bs, sin factura
Tomaron‚Ä¶",0,,False
1260572843013791744,2020-05-13 14:09:20,"RT @hawelti: Yet, COVID-19 and the ""New Normal"" of ""social distancing"" has amplified characteristic stoicism &amp; equanimity of the Eritrean p‚Ä¶",0,,False
1260572843009605639,2020-05-13 14:09:20,RT @Li_Baorong: üáªüá™üá®üá≥ Hoy ha llegado a Maiquet√≠a el quinto¬†cargamento de insumos m√©dicos desde China. Son materiales m√©dicos importado por e‚Ä¶,0,,False
1260572842967601153,2020-05-13 14:09:20,"COVID-19 Deaths / Million
World Average: 35
USA: 236
Cuba: 7
China: 3
Vietnam:0",0,,False
1260572842963460100,2020-05-13 14:09:20,"RT @IngrahamAngle: ‚ÄúThe CDC later confirmed that they were including ‚Äúprobable‚Äù cases of the virus in its official counts, potentially addi‚Ä¶",0,,False
1260572842959294464,2020-05-13 14:09:20,"Dotaciones de @CapuertoAncud junto a personal de salud Municipal efect√∫a control sanitario en √°rea de #Lechagua, co‚Ä¶ https://t.co/gY1iCrKXLy",0,,False
1260572842904760322,2020-05-13 14:09:20,RT @ActualidadRT: Zool√≥gico canadiense devolver√° a China dos pandas debido a la escasez de bamb√∫ provocada por el coronavirus https://t.co/‚Ä¶,0,,False
1260572842829250566,2020-05-13 14:09:20,Is there a link between coronavirus and vitamin D deficiency? This startup just raised cash to find out‚Ä¶ https://t.co/HvC82pXOk2,0,,False
1260572842791485440,2020-05-13 14:09:20,"RT @Ilhan: Today, @SenSanders and I led a historic delegation of 300+ lawmakers from 6 continents calling for the cancellation of poor coun‚Ä¶",0,,False
1260572842783117318,2020-05-13 14:09:20,"RT @nytimes: More than 1.3 million people in the United States have been infected with the coronavirus and at least 82,300 have died, accor‚Ä¶",0,,False
1260572842695045125,2020-05-13 14:09:20,"RT @erickbecerra1: #Rusia reporta nuevamente m√°s de 10 mil nuevos casos de #COVID19
https://t.co/RPdmiypOTy https://t.co/dvLN0ptYzm",0,,False
1260572842678157315,2020-05-13 14:09:20,"RT @FinancialTimes: Anson Chan: Having failed to win the hearts and minds of the majority of Hongkongers, Beijing‚Äôs repressive tactics are‚Ä¶",0,,False
1260572842661462017,2020-05-13 14:09:20,Biden warns against coronavirus stimulus corruption https://t.co/5flPwZzzKB,0,,False
1260572842581798916,2020-05-13 14:09:20,RT @Conflits_FR: üá±üáß FLASH - Le #Liban ordonne un #reconfinement de 4 jours √† partir de ce soir suite √† une hausse des cas de #coronavirus.‚Ä¶,0,,False
1260572842560761858,2020-05-13 14:09:20,"RT @kumparan: Camat Tambora, Bambang Sutama, mengatakan, warga yang positif virus corona tersebut selain imam salat tarawih masjid juga seb‚Ä¶",0,,False
1260572842472673282,2020-05-13 14:09:20,"RT @BADANYAWA: Parlimen Malaysia adalah dewan perwakilan rakyat tertinggi di Malaysia. Mereka mewakili suara rakyat Malaysia. 

Di manakah‚Ä¶",0,,False
1260572842451709954,2020-05-13 14:09:20,"RT @marklevinshow: 4. And our foreign enemies, like China, Iran, and Russia, will be thrilled as they exploit the inevitable appeasement of‚Ä¶",0,,False
1260572842443378693,2020-05-13 14:09:20,"RT @myogiadityanath: Under leadership of Hon. PM Shri @narendramodi Ji, economic package outlined by FM @nsitharaman Ji is unparalleled, ai‚Ä¶",0,,False
1260572842392989696,2020-05-13 14:09:20,Imagine being @GavinWilliamson and cringing at the thought I‚Äôve just told a massive lie to teachers and the general‚Ä¶ https://t.co/j9krlkBvaZ,0,,False
1260572842342649862,2020-05-13 14:09:20,taenang go go go away corona yan na lss ako HAHAHAHA,0,,False
1260572842275614723,2020-05-13 14:09:20,RT @duty2warn: Will the 2020 election be held on Election Day? ‚ÄúI‚Äôm not sure I can commit one way or the other.‚Äù ‚ÄîJared Kushner...Be afraid‚Ä¶,0,,False
1260572842271428618,2020-05-13 14:09:20,RT @jsolomonReports: Breaking: Manafort being released from prison amid coronavirus. https://t.co/jDTu0QJHz3,0,,False
1260572842233597954,2020-05-13 14:09:20,"RT @senadorhumberto: Brasil: 881 mortes em um dia. Argentina: 9. 
Que falta faz um presidente. https://t.co/WJiPDq8djg",0,,False
1260572842225209345,2020-05-13 14:09:20,"RT @ishafoundation: Before the lockdown, Sakthiammal of Sellappagoundan Pudur village was a daily wage worker. With economic activity in li‚Ä¶",0,,False
1260572842221076482,2020-05-13 14:09:20,"RT @BrienneOfSnark_: COVID-19 = 1,408,636 cases, 83,425 deaths

Ebola = 11 cases, 2 deaths

Trump murdered 83, 425 Americans but sure #Subp‚Ä¶",0,,False
1260572842212634624,2020-05-13 14:09:20,"RT @CheriJacobus: Trump wants a huge second wave of COVID-19 deaths just in time for him to cancel the election, or somehow modify it to en‚Ä¶",0,,False
1260572841956839426,2020-05-13 14:09:20,"RT @ROHLL5: Was it Ignorance or arrogance Governor Cumo forcing COVID-19 patients into nursing homes who died? 

Would you file lawsuit if‚Ä¶",0,,False
1260572841822617601,2020-05-13 14:09:20,"RT @nancycbarnes: Despite Early Warnings, U.S. Took Months To Expand Swab Production For COVID-19 Test https://t.co/0q1kAzu9ys",0,,False
1260572841814249472,2020-05-13 14:09:20,"@realDonaldTrump You are the poster boy of human scum, Donald. 82,000+ COVID-19 deaths and rising. #TrumpOwnsEveryDeath",0,realDonaldTrump,False
1260572841789046787,2020-05-13 14:09:20,"RT @ericcaire: En ce jour de rentr√©e, nous avons rendu hommage ce matin aux Qu√©b√©cois emport√©s par la COVID-19.

Le drapeau du Qc a √©t√© mis‚Ä¶",0,,False
1260572841755508742,2020-05-13 14:09:20,RT @ToryFibs: @BarrySheerman 47 teachers have died of Coronavirus. The vast majority contracted the virus when schools were open to all. Ha‚Ä¶,0,,False
1260572841642254341,2020-05-13 14:09:20,RT @MollyJongFast: Does this surprise anyone?  https://t.co/uFtugfgluF,0,,False
1260572841638068230,2020-05-13 14:09:20,"RT @vikkie: He woke from a coma to find the virus had taken his wife. Then it took him, too.

https://t.co/odqpIge4oR",0,,False
1260572841600323593,2020-05-13 14:09:20,"¬´–£ –†–æ—Å—ñ—ó –Ω–∞ —Ñ–æ–Ω—ñ COVID-19 –∑–Ω–∞—á–Ω–æ –∑—Ä–æ—Å–ª–∞ —Å–º–µ—Ä—Ç–Ω—ñ—Å—Ç—å –≤—ñ–¥ –∞–ª–∫–æ–≥–æ–ª—é¬ª, ‚Äì –º—ñ–Ω—ñ—Å—Ç—Ä –æ—Ö–æ—Ä–æ–Ω–∏ –∑–¥–æ—Ä–æ–≤‚Äô—è –†–§ https://t.co/myWyFLONmL",0,,False
1260572841529008130,2020-05-13 14:09:20,"RT @Mcjuninhofsf: Dia t√° lindo! Era s√≥ esse coronav√≠rus indo pra casa do caralho, Pprt.",0,,False
1260572841516417031,2020-05-13 14:09:20,RT @MattWalshBlog: The PA Health Secretary moved her own mother out of a nursing home while sending COVID patients into nursing homes. This‚Ä¶,0,,False
1260572841470242816,2020-05-13 14:09:20,#OVNI #Corona .... Etaaa !!! https://t.co/c2JrGs36fh,0,,False
1260572841453522945,2020-05-13 14:09:20,RT @PoliciaNarino: #Protecci√≥nPonalüëÆ‚Äç‚ôÇÔ∏èüëÆ‚Äç‚ôÄÔ∏è en el municipio de #Ipiales realiza campa√±a de prevenci√≥n a la violencia intrafamiliarüë®‚Äçüë©‚Äçüëß‚Äçüë¶ d‚Ä¶,0,,False
1260572841453420545,2020-05-13 14:09:20,"Everyone is in risk https://t.co/5fgF4pVzqI 
These are the jobs most at risk from #COVID19 transmission https://t.co/5U4TY1xziX by @wef",0,,False
1260572841386356739,2020-05-13 14:09:20,"RT @RyanMaue: This has to be a joke, right?  Why would CNN have a teenager on an expert panel discussing the Coronavirus? https://t.co/ptTy‚Ä¶",0,,False
1260572841348665345,2020-05-13 14:09:20,"RT @David_rp90: La industria de #alimentaci√≥n y #bebidas debe mitigar el virtual riesgo de cualquier contaminaci√≥n a los productos, garanti‚Ä¶",0,,False
1260572841336082432,2020-05-13 14:09:20,"RT @porrafaelreis: sim eu so penso em vc........

    vacina pro covid",0,,False
1260572841327693825,2020-05-13 14:09:20,"RT @msbellows: (Know how people were terrified of being drafted during Vietnam?

It's 3x as dangerous to contact COVID-19 under Trump than‚Ä¶",0,,False
1260572841260580865,2020-05-13 14:09:20,"RT @ANN_Newsable: #China tried to stop @WHO from declaring #COVID„Éº19 a 'global emergency', says CIA report

#COVID #Coronavirus

https://t.‚Ä¶",0,,False
1260572841222770688,2020-05-13 14:09:20,RT @IngrahamAngle: Hydroxychloroquine plus azithromycin: a potential interest in reducing in-hospital morbidity due to COVID-19 pneumonia (‚Ä¶,0,,False
1260572841134743553,2020-05-13 14:09:20,RT @KevanJonesMP: Coronavirus testing at @Beamish_Museum car park today and tomorrow (13 &amp; 14 May). Testing needs to be booked online befor‚Ä¶,0,,False
1260572841088516102,2020-05-13 14:09:20,RT @ShannonFreshour: My opponent Republican Jim Jordan is a disgrace. Instead of helping with the COVID-19 crisis he spreads conspiracy the‚Ä¶,0,,False
1260572841067646976,2020-05-13 14:09:20,"RT @JoeBiden: Donald Trump can put up all of the banners he wants in the Rose Garden, but it doesn‚Äôt change the fact that he failed our nat‚Ä¶",0,,False
1260572841008824320,2020-05-13 14:09:20,"RT @seanmdav: Can‚Äôt wait for @jaketapper to invite Communist China on stage as the hero of the pandemic, blame @DLoesch for the Wuhan coron‚Ä¶",0,,False
1260572840975269889,2020-05-13 14:09:20,RT @piersmorgan: The total number of UK excess deaths during the #coronavirus crisis is now believed to be the same number of people as in‚Ä¶,0,,False
1260572840723709961,2020-05-13 14:09:20,"RT @nycsouthpaw: ABC reports Paul Manafort leaves prison with four and a half years remaining on his sentence, transferred to home confinem‚Ä¶",0,,False
1260572840597827590,2020-05-13 14:09:20,"@KarlaEnAccion Y la distancia social de estos perguetanos!!!
Estos mismos wns son los que nos fiskalizan!!
No wevee‚Ä¶ https://t.co/AYcBICM6zN",0,KarlaEnAccion,False
1260572840576921603,2020-05-13 14:09:20,RT @nattykasambala: Her death was NOT a sacrifice. Victims do not sacrifice themselves. This kind of pseudo-religious/wartime language of C‚Ä¶,0,,False
1260572840543367168,2020-05-13 14:09:20,Parlamentares do PTB destinaram R$ 460 mil para a sa√∫de local. A informa√ß√£o √© dos dirigentes partid√°rios em reuni√£o‚Ä¶ https://t.co/s9wHoPkBJd,0,,False
1260572840497201160,2020-05-13 14:09:20,RT @CBSNews: BREAKING: The coronavirus crisis in Navajo Nation has gotten so bad that Doctors Without Borders just sent a team into the Uni‚Ä¶,0,,False
1260572840413274116,2020-05-13 14:09:20,"RT @nytimesworld: A reproduction factor of 1.0 was supposed to be a line in the sand. But when Germany crossed it, nothing happened. Why? h‚Ä¶",0,,False
1260572840367194113,2020-05-13 14:09:20,"RT @PaisMenosPeor: Un ser humano normal le tiene miedo al coronavirus, al desempleo, al hambre, a las deudas.

Un ser humano que le debe mu‚Ä¶",0,,False
1260572840237174784,2020-05-13 14:09:20,"@jen_williams @landis_melinda @atrupar Well they include those deaths in the AiDs count at CDC, as they suspect the‚Ä¶ https://t.co/QEnKCJ5bl3",0,jen_williams,False
1260572840207749120,2020-05-13 14:09:20,"RT @ArtiTV_: #CANLI Corona salgƒ±nƒ±yla m√ºcadele devam ederken siyaset g√ºndemi de hareketli. Eken se√ßim, Darbe ve HDP 'nin kapatƒ±lmasƒ± tartƒ±≈ü‚Ä¶",0,,False
1260572840174260234,2020-05-13 14:09:20,"@Awanngg @anissssd nyuwun pandungane mas, covid-19 wes bar langsung tak sebar",0,Awanngg,False
1260572839972929539,2020-05-13 14:09:20,"RT @gregorytrane46: People are dying of the coronavirus exponentially in this country, because of your slow response and mishandling of the‚Ä¶",0,,False
1260572839972831232,2020-05-13 14:09:20,"O novo coronav√≠rus chegou aqui e se espalhou desde o pr√©-carnaval...
https://t.co/gjNcRP8VuB",0,,False
1260572839922499586,2020-05-13 14:09:20,RT @clarifrs: n vai ter a vacina do corona ate o final do m√™s,0,,False
1260572839817723905,2020-05-13 14:09:19,"RT @amsterdam_bill: I agree.
The British #Corona story is a sad story of arrogance and denial, costing thousands of lives.
Have criminal in‚Ä¶",0,,False
1260572839750623238,2020-05-13 14:09:19,RT @ndtv: #NDTVExclusive | Nitin Gadkari tells @Nidhi that the #coronavirus is from a lab https://t.co/Gq6rcZp5pX,0,,False
1260572839738048514,2020-05-13 14:09:19,RT @CityOfMissionTX: Spring cleaning can help you and your family against COVID-19!ü¶†üò∑ Use some of the tips below to see how you can disinfe‚Ä¶,0,,False
1260572839603732480,2020-05-13 14:09:19,RT @BernamaTV: Kesemua 402 penumpang penerbangan AirAsia AK5742 dan AK5740 yang tiba di Lapangan Terbang Tawau pada 1 dan 4 Mei lalu dimint‚Ä¶,0,,False
1260572839402405894,2020-05-13 14:09:19,RT @msisodia: An interesting and insightful thread for all educators and policy makers... about redefining education in post covid-19 era‚Ä¶,0,,False
1260572839331201031,2020-05-13 14:09:19,"RT @doolsetbangtan: BigHit Entertainment is taking preventive measures against coronavirus as an employee at Yanolja, housed in a neighbori‚Ä¶",0,,False
1260572839289257985,2020-05-13 14:09:19,"RT @1257_Troll: Modi During Corona :

"" Khud Jeeyo , Khudse Khudi Surakhsha Karo ""

Citizens During Elections :

"" Khud Jeeto , Khudse Khud‚Ä¶",0,,False
1260572839205384198,2020-05-13 14:09:19,"RT @Tiro04L: 200+ people died due to corona , so journalists haven't interviewed the families of people who lost their family members ..I m‚Ä¶",0,,False
1260572839184420865,2020-05-13 14:09:19,The most comforting part of all this is opening up my email and seeing COVID-19 updates from Citrix. #Thankful #GodIsGood,0,,False
1260572839171837953,2020-05-13 14:09:19,RT @nacho991960: Una caza de brujas tras las quejas en redes sociales de los sanitarios https://t.co/6RYYCUTsRJ v√≠a @diariocadiz,0,,False
1260572838949466113,2020-05-13 14:09:19,@bbcswahili huko walipozuiliwa hakuna corona???,0,bbcswahili,False
1260572838915985415,2020-05-13 14:09:19,RT @ramonlobo: Francia env√≠a a quien no se confine a ayudar al hospital https://t.co/2RaJiXsC08,0,,False
1260572838915903493,2020-05-13 14:09:19,Coronavirus: Nine die in Hungary after being ejected from hospital to free space for COVID-19 https://t.co/jtpJUkDZVu,0,,False
1260572838815301632,2020-05-13 14:09:19,"RT @ndtvindia: PM ‡§Æ‡•ã‡§¶‡•Ä ‡§ï‡•á ‡§™‡•à‡§ï‡•á‡§ú ‡§∏‡•á ‡§Æ‡§ú‡§º‡§¶‡•Ç‡§∞‡•ã‡§Ç ‡§ï‡•ã ‡§∞‡§æ‡§π‡§§ ‡§ï‡•Ä ‡§ï‡§§‡§à ‡§â‡§Æ‡•ç‡§Æ‡•Ä‡§¶ ‡§®‡§π‡•Ä‡§Ç, ‡§¨‡•ã‡§≤‡•á - ‡§ê‡§≤‡§æ‡§® ‡§§‡•ã ‡§π‡•ã‡§§‡•á ‡§∞‡§π‡§§‡•á ‡§π‡•à‡§Ç, ‡§π‡§Æ‡•á‡§Ç ‡§ñ‡§æ‡§®‡§æ ‡§≠‡•Ä ‡§®‡§∏‡•Ä‡§¨ ‡§®‡§π‡•Ä‡§Ç
https://t.co/6‚Ä¶",0,,False
1260572838760779776,2020-05-13 14:09:19,tourism and higher education were two areas in which the US has a large and persistent trade surplus. The failure t‚Ä¶ https://t.co/lM9kGsenZO,0,,False
1260572838748205063,2020-05-13 14:09:19,RT @RepTedDeutch: When reporters finally got the medical examiners reports they found tragic stories of people who sought help but were den‚Ä¶,0,,False
1260572838731407362,2020-05-13 14:09:19,üôÑ En alg√∫n momento m√°s del 80% ya habremos padecido el Covid. Es inevitable. https://t.co/qVlitPznbh,0,,False
1260572838706249733,2020-05-13 14:09:19,"–ü–æ–∫–∞ –≤–µ—Å—å –º–∏—Ä –±–æ—Ä–µ—Ç—Å—è —Å –ø–∞–Ω–¥–µ–º–∏–µ–π –≤ –õ–∏—Ç–≤–µ –±–æ–º–±–∞—Ä–¥–∏—Ä–æ–≤—â–∏–∫–∏ –í–í–° –°–®–ê, –≤ –æ–±—ä–µ–º–µ —É—á–µ–Ω–∏–π ""–ó–∞—â–∏—Ç–Ω–∏–∫ –ï–≤—Ä–æ–ø—ã 2020"", —Å–∫–∏–¥—ã–≤–∞—é‚Ä¶ https://t.co/FCe1bDVOiU",0,,False
1260572838676910083,2020-05-13 14:09:19,"RT @drphilhammond: The next round of the Great British Coronavirus Experiment is underway. If you were lucky enough to survive Round 1, you‚Ä¶",0,,False
1260572838655918081,2020-05-13 14:09:19,"RT @business: From France to Australia, apps designed to help authorities track and slow the spread of coronavirus are struggling because o‚Ä¶",0,,False
1260572838647513090,2020-05-13 14:09:19,RT @esglaude: And let me be clear. I am not suggesting that Manafort should stay in prison. Covid-19 can be a death sentence. But apply the‚Ä¶,0,,False
1260572838647431170,2020-05-13 14:09:19,RT @MensHealthMag: The 26-minute film gets almost everything wrong about COVID-19. https://t.co/SbXe0CRFaH,0,,False
1260572838626557953,2020-05-13 14:09:19,"RT @df_porto: Se voc√™ n√£o entende o PESO dessa imagem
de uma m√£e chorando pela morte da filha de 15 ANOS por COVID-19 numa ter√ßa feira P√ìS‚Ä¶",0,,False
1260572838563627017,2020-05-13 14:09:19,"RT @C_3C_3: All we had to do was quarantine the elderly in nursing homes and those with pre-existing conditions.

That‚Äôs it.

The economic‚Ä¶",0,,False
1260572838538477573,2020-05-13 14:09:19,"#livecnn minha opini√£o: se ambos os lados nada tem a esconder, ent√£o que seja divulgado logo esse v√≠deo, e assim po‚Ä¶ https://t.co/fvAaeQKW7H",0,,False
1260572838500732930,2020-05-13 14:09:19,"RT @muruga_TNIE: The number of Corona cases so far in Tamil Nadu crossed 9,000; Today alone,  509  more persons tested positive for this in‚Ä¶",0,,False
1260572838483898368,2020-05-13 14:09:19,"galek le corona, expos√© trop longtemps aux alg√©riens, a perdu de sa vigueur üòÜ",0,,False
1260572838450343937,2020-05-13 14:09:19,"RT @stemolinaradio: Questa epidemia pu√≤ essere piuma o pu√≤ essere ferro! (Cit.)
Se un virologo prende 2000 euro per dieci minuti di collega‚Ä¶",0,,False
1260572838421049346,2020-05-13 14:09:19,"RT @hmtsite: ‚óéÁõ¥ËøëÔºëÈÄ±Èñì„ÅÆ„Ç≥„É≠„ÉäÊÑüÊüìËÄÖÔºà5/13Ôºâ

1‰ΩçÊù±‰∫¨ÈÉΩ 200‰∫∫
2‰ΩçÂåóÊµ∑ÈÅì 85‰∫∫
3‰ΩçÁ•ûÂ•àÂ∑ùÁúå 69‰∫∫
4‰ΩçÂ§ßÈò™Â∫ú 64‰∫∫
5‰ΩçÂüºÁéâÁúå 58‰∫∫
6‰ΩçÂÖµÂ∫´Áúå 21‰∫∫
7‰ΩçÂçÉËëâÁúå 20‰∫∫
8‰Ωç‰∫¨ÈÉΩÂ∫ú 18‰∫∫
9‰ΩçÁü≥Â∑ùÁúå 15‰∫∫
10‰ΩçÂØåÂ±±Áúå 6‰∫∫

Êó•Êú¨‚Ä¶",0,,False
1260572838379032576,2020-05-13 14:09:19,RT @goofballgeorge: 1) George Soros is at the top of the censorship food chain. He either funds  directly or indirectly through donations t‚Ä¶,0,,False
1260572838249062402,2020-05-13 14:09:19,Joe Biden calls for rent forgiveness during the COVID-19 crisis. https://t.co/jS7FZOaoF4,2,,False
1260572838223896576,2020-05-13 14:09:19,"RT @thesiasattv: Now Air India will start special domestic flights from 19th May

https://t.co/lMRvbd6Izs 

#AirIndia #Lockdown #coronaviru‚Ä¶",0,,False
1260572838190362624,2020-05-13 14:09:19,"US coronavirus curve may be flattening, but estimated death toll keeps rising. What does this mean?‚Ä¶ https://t.co/SHqJA0JEqF",0,,False
1260572838190252032,2020-05-13 14:09:19,"RT @JoeBiden: Donald Trump can put up all of the banners he wants in the Rose Garden, but it doesn‚Äôt change the fact that he failed our nat‚Ä¶",0,,False
1260572838144155649,2020-05-13 14:09:19,"Facing new surges in cases, some reopened countries lock down again https://t.co/9tOuIZuhjQ",0,,False
1260572838140010499,2020-05-13 14:09:19,US Senate threatens sanctions on China over COVID-19 accounting https://t.co/5m544wxdp0,0,,False
1260572838014210048,2020-05-13 14:09:19,"RT @PR_Paul_BIYA: Echanges importants ce jour sur la situation s√©curitaire, politique et √©conomique de la Sous-r√©gion, ainsi que sur la lut‚Ä¶",0,,False
1260572838009896960,2020-05-13 14:09:19,"RT @TheBeigeSirKeir: The government are not sure about the risks of Kawasaki disease emerging in children exposed to Covid-19, therefore, I‚Ä¶",0,,False
1260572837900881928,2020-05-13 14:09:19,"RT @nakamuraclinic8: ""Á±≥ÂõΩÊîøÂ∫ú„ÄÅÊñ∞„Ç≥„É≠„ÉØ„ÇØ„ÉÅ„É≥„ÅÆÂÖ®ÂõΩÊ∞ëÊé•Á®Æ„Å´Âêë„Åë„ÄÅ1ÂÑÑ1ÂçÉ‰∏á„Éâ„É´„ÅßÊ≥®Â∞ÑÈáù„Å®„Ç∑„É™„É≥„Ç∏„ÇíÁî®ÊÑè„ÄÇ
ÁèæÂú®Ë§áÊï∞„ÅÆ„É°„Éº„Ç´„Éº„Åå„ÉØ„ÇØ„ÉÅ„É≥„ÇíÈñãÁô∫‰∏≠„Å†„Åå„ÄÅ„É§„É≥„Çª„É≥Á§æ„ÅØ2021Âπ¥ÂàùÊó¨„ÄÅ„Ç™„ÉÉ„ÇØ„Çπ„Éï„Ç©„Éº„ÉâÂ§ß„ÅØ2020Âπ¥Êú´„Å´„ÇÇÂÆåÊàê„Åã""
Âãï„Åç„ÅåÊÆµ„ÄÖÂÖ∑‰ΩìÁöÑ„Å´„Å™„Å£„Å¶„Åç„Åæ„Åó„Åü‚Ä¶",0,,False
1260572837871529987,2020-05-13 14:09:19,RT @latimes: A 17-year-old Guatemalan boy has been in a California detention center for migrant children for more than 400 days. https://t.‚Ä¶,0,,False
1260572837854806019,2020-05-13 14:09:19,"RT @markb_wsfa: If this doesn't get folks to follow the #coronavirus guidelines, I don't know what will. #MontgomeryAL",0,,False
1260572837829578758,2020-05-13 14:09:19,"RT @guerrerot1234: @Mippcivzla #13May| üì¢ ¬°LA ETIQUETA DEL D√çA! ‚è©    #VenezuelaConcienciaProductiva
En medio de la pandemia por Covid-19 con‚Ä¶",0,,False
1260572837804478468,2020-05-13 14:09:19,"RT @tvcultura: Voc√™ sabia que o coronav√≠rus √© mais letal entre a popula√ß√£o negra? No Opini√£o Nacional de hoje, vamos falar sobre o racismo‚Ä¶",0,,False
1260572837712211971,2020-05-13 14:09:19,"quando o coronav√≠rus for embora, eu n√£o vou ter dinheiro nem pra comer, pq gastei tudo em livro.",0,,False
1260572837619916803,2020-05-13 14:09:19,"RT @daily_trust: A team of professors from the Faculty of Pharmaceutical Sciences of the Ahmadu Bello University (ABU), Zaria says it has f‚Ä¶",0,,False
1260572837578002438,2020-05-13 14:09:19,"RT @JackPosobiec: President Trump To Visit Medical Equipment Distribution Center In Allentown, PA Thursday
https://t.co/aCpAM4n5oH",0,,False
1260572837556953089,2020-05-13 14:09:19,"RT @funder: Whatever you do don‚Äôt retweet this video, it will make Trump furious. It shows every time Trump lied about and downplayed coron‚Ä¶",0,,False
1260572837544374273,2020-05-13 14:09:19,"RT @STGedomex: El #Covid_19mx se adhiere a ciertos materiales y tiene un tiempo de vida, checa esta informaci√≥n: 

#Qu√©dateEnCasa    
#Cuid‚Ä¶",0,,False
1260572837502476297,2020-05-13 14:09:19,"RT @Conflits_FR: üó∫ Pandemie de #coronavirus : les pays n'ayant officiellement pas de cas de #COVID„Éº19 sur leur sol.

Turkm√©nistan üáπüá≤
Cor√©e‚Ä¶",0,,False
1260572837435387904,2020-05-13 14:09:19,RT @makinenlab: Exciting pericyte - COVID-19 hypothesis proposed by the @betsholtz lab: Pericyte-specific vascular expression of SARS-CoV-2‚Ä¶,0,,False
1260572837401759744,2020-05-13 14:09:19,"RT @JPNadda: In the wake of COVID-19, today's announcements for MSMEs like provision of collateral free loans, debts &amp; equity, liquidity fo‚Ä¶",0,,False
1260572837309546497,2020-05-13 14:09:19,Government‚Äôs version of babaji ka thallu  https://t.co/kGQjDPGyl9,0,,False
1260572837242437634,2020-05-13 14:09:19,"RT @ClayTravis: If you are under 24 years old you are more likely to be struck by lightning ‚Äî 1 in 700,000 ‚Äî than you are to die of the cor‚Ä¶",0,,False
1260572837238226953,2020-05-13 14:09:19,"RT @FaberVonCastell: E mentre dappertutto riaprono scuole bar ristoranti e si torna alla vita democratica, gli italiani non possono andare‚Ä¶",0,,False
1260572837233987584,2020-05-13 14:09:19,RT @dremtee: @Si_lv_er This is one step forward. Not very effective if a patient is already infected. A COVID-19 patient is like having a r‚Ä¶,0,,False
1260572837229756418,2020-05-13 14:09:19,"RT @zonacero: Fallece empleada del Metro de Londres que fue escupida por un hombre con Covid-19
https://t.co/oWIlOvUXMJ https://t.co/zZtnhl‚Ä¶",0,,False
1260572837145972741,2020-05-13 14:09:19,"RT @Tinkermom_3: This person better be charged in her death! 
Belly Mujinga died of the¬†coronavirus¬†two weeks after she was spat at and cou‚Ä¶",0,,False
1260572837124898817,2020-05-13 14:09:19,"RT @CommonsBEIS: Tomorrow we continue our #coronavirus inquiry, examining the concerns of businesses, workers and consumers. Watch live at‚Ä¶",0,,False
1260572837108240386,2020-05-13 14:09:19,RT @khaiartzfar: Ad junior sekolah aku ni sekarang buat food panda. Masa awal kerja time covid aritu dia minta pinjam duit buat modal lepas‚Ä¶,0,,False
1260572837036818433,2020-05-13 14:09:19,"We've been delighting drivers since 1983! Check out our website for our latest #COVID pandemic hours, and more info‚Ä¶ https://t.co/k19Xs855jm",0,,False
1260572837011734538,2020-05-13 14:09:19,"Who cares, I've been getting together for the past 2 weeks with my daughters. Also We win in the per capita Covid c‚Ä¶ https://t.co/uhrSqaRj7z",0,,False
1260572837007540224,2020-05-13 14:09:19,RT @MisionDrJGH: #Efemeride üóìÔ∏è #Hoy #13DeMayo  celebramos 103 a√±os de la aparici√≥n de nuestra Se√±ora de F√°tima Madre del Cielo. Acojamos su‚Ä¶,0,,False
1260572836948779009,2020-05-13 14:09:19,"RT @DFBHarvard: Dr. Fauci is quickly becoming Chicken Little!

With Fauci, the sky is always falling!

With Fauci, a glass is never half fu‚Ä¶",0,,False
1260572836894322689,2020-05-13 14:09:19,"RT @HORPEHH: Oghene!!!üó£Ô∏èüó£Ô∏èüó£Ô∏èüó£Ô∏ècome and see your people oooo,they are ready to kill CORONA one on oneüòÇüòÇüòÇüòÇWARRI NO DEY CARRY LAST‚úä‚úäüòÇüòÇüòÇ https:‚Ä¶",0,,False
1260572836713893891,2020-05-13 14:09:19,"RT @SuhoKingdomBr: O dono do restaurante postou em uma comunidade online, que depois que um mo√ßo bonito (Suho) foi a seu restaurante, muita‚Ä¶",0,,False
1260572836709773325,2020-05-13 14:09:19,"RT @guardian: 'La Covid': coronavirus acronym is feminine, Acad√©mie Fran√ßaise says https://t.co/uJZKNXeVSK",0,,False
1260572836688728067,2020-05-13 14:09:19,"One plus from coronavirus, you can tell the smart from stupid from the way people wear their masks",0,,False
1260572836667817987,2020-05-13 14:09:19,"RT @P_H_S_Stats: Scottish Intensive Care Society Audit Group Report on Covid-19 describing admissions, demographics, activity and outcomes‚Ä¶",0,,False
1260572836575490060,2020-05-13 14:09:19,"RT @ChrisGiles_: Update: following the latest official figures from the four UK nations, a cautious estimate of the total number of UK exce‚Ä¶",0,,False
1260572836449615873,2020-05-13 14:09:19,"5 - SE DEPOIS QUE PASSAR A GRANDE CRISE DA PANDEMIA DO COVID-19, E A GRANDE REDE DE HOSPITAIS DO SUS ESPALHADA POR‚Ä¶ https://t.co/LDqgMYMZZS",0,fcarvalho4520,False
1260572836370006017,2020-05-13 14:09:19,"RT @atrupar: From 5pm until midnight Tuesday, Fox News programming mentioned ""Obama"" or ""Obamagate"" 66 times. ""Coronavirus"" or ""Covid"" was‚Ä¶",0,,False
1260572836353183744,2020-05-13 14:09:19,RT @thehill: NEW: Study finds 26.8 million people could lose employer health coverage in downturn https://t.co/1jkFUiC2KY https://t.co/H5CX‚Ä¶,0,,False
1260572836349034497,2020-05-13 14:09:19,RT @gatewaypundit: Pennsylvania Secretary of Health Moved His Own Mother Out of Senior Facility to a Hotel While Coronavirus Swept Through‚Ä¶,0,,False
1260572836323905538,2020-05-13 14:09:19,"RT @BombshellDAILY: FOUR GUILTY MEN
Trump, Hahn, Redfield and Azar personally brought America to its knees, knowingly killing 80,000. Read‚Ä¶",0,,False
1260572836323868679,2020-05-13 14:09:19,RT @fmartinmoreno: 111 m√©dicos y enfermeras mexicanos han muerto como consecuencia del coronavirus. Sugiero que para honrar su memoria toda‚Ä¶,0,,False
1260572836231610369,2020-05-13 14:09:19,Coronavirus US live: gap grows between White House and experts over safety of reopening https://t.co/Q1qjnRhk25,0,,False
1260572836227399688,2020-05-13 14:09:19,RT @BreitbartNews: A man charged with murdering a 25-year-old woman has been released from a Michigan prison over concerns of the Chinese c‚Ä¶,0,,False
1260572836013490176,2020-05-13 14:09:19,"RT @passarosErosas: ""Ain, pq o corona v√≠rus veio pra mostrar q td mundo √© igual""

N√£o, migo. N√£o mesmo.

üò≠üò≠üò≠üò≠üò≠ https://t.co/9rZaetj3kv",0,,False
1260572835988332546,2020-05-13 14:09:19,"RT @porrafaelreis: sim eu so penso em vc........

    vacina pro covid",0,,False
1260572835912855558,2020-05-13 14:09:19,RT @purplerebel: Jangan2 pemerintah dan DPR bersyukur banget nih ada Covid-19 karena semua agenda yang ditolak rakyat jadi bisa diloloskan.‚Ä¶,0,,False
1260572835896086530,2020-05-13 14:09:19,RT @Chea_Taylor: Drive In Movie Theaters Can Honestly Make A Strong Comeback Due To COVID-19,0,,False
1260572835887669248,2020-05-13 14:09:19,"RT @okusdolphin: Listen to the SINGLE: CORONA LOCKDOWN By OKUS DOLPHIN
https://t.co/JtDWomYCcN
#Somerset #WestonSuperMare #BurnhamOnSea #Ba‚Ä¶",0,,False
1260572835866705922,2020-05-13 14:09:19,"RT @paulacamara_: Jornal alem√£o chama lockdown de ""erro gigante""

Patologista chefe do Instituto de Medicina Forense do Hospital de Hamburg‚Ä¶",0,,False
1260572835820572676,2020-05-13 14:09:19,"@secupp Q:  How long did it take to develop, test, approve, and distribute widely the most recent coronavirus vacci‚Ä¶ https://t.co/x90cPd65E8",0,secupp,False
1260572835711508482,2020-05-13 14:09:19,China‚Äôs courts were quick to set examples of people who committed offences relating to the country‚Äôs response to Co‚Ä¶ https://t.co/BhzT9GqO3z,0,,False
1260572835631771649,2020-05-13 14:09:18,"RT @AndreaChalupa: ""Barack Obama‚Äôs efforts to replenish America‚Äôs stockpile of protective equipment for healthcare workers were repeatedly‚Ä¶",0,,False
1260572835623374852,2020-05-13 14:09:18,RT @NME: .@OfficialRandL has sadly been cancelled this year https://t.co/ComeojnbzT,0,,False
1260572835619184640,2020-05-13 14:09:18,E O CORONA FAZ TUDO https://t.co/BEwsqnB498,0,,False
1260572835564728320,2020-05-13 14:09:18,"RT @NPR: A recent report estimates that, unless steps are taken now, the increase in ""deaths of despair"" from alcohol, drugs and suicide co‚Ä¶",0,,False
1260572835547951106,2020-05-13 14:09:18,"RT @locatel_mx: @PepeBeker Hola, las personas que requieran ser atendidas por presentar s√≠ntomas por
Covid-19, pertenecientes a la Ciudad d‚Ä¶",0,,False
1260572835547840526,2020-05-13 14:09:18,"RT @FDRLST: Jimmy Fallon seems to think Andrew Cuomo‚Äôs leadership during the crisis deserves the utmost respect and praise, but but data sh‚Ä¶",0,,False
1260572835522793473,2020-05-13 14:09:18,"RT @911Spartan: DEEP STATE
  BIO WEAPON !!
 VIDEO
DOCUMENTS 
PROOF BELOW

#COVID19 #coronavirus #truth #QAnon2020 #QAnon #WakeUpWorld #Trut‚Ä¶",0,,False
1260572835493416961,2020-05-13 14:09:18,"RT @ROHLL5: Was it Ignorance or arrogance Governor Cumo forcing COVID-19 patients into nursing homes who died? 

Would you file lawsuit if‚Ä¶",0,,False
1260572835384360965,2020-05-13 14:09:18,RT @Muktab_: I still can‚Äôt get over how Americans got tired of COVID and just decided it was over.,0,,False
1260572835375976449,2020-05-13 14:09:18,"RT @IngrahamAngle: Almost 70% of PA‚Äôs Covid-19 deaths, 2611 of 3806, have occurred in nursing homes or long-term care‚ÄîPA should never have‚Ä¶",0,,False
1260572835317190656,2020-05-13 14:09:18,"RT @NCHRO_Official: According to the Azim Premji University COVID-19 Livelihoods Survey, about 80% of urban workers¬†lost their jobs during‚Ä¶",0,,False
1260572835262672897,2020-05-13 14:09:18,"RT @KKMPutrajaya: Tiga golongan yang berisiko tinggi dijangkiti COVID-19:

1. Warga emas
2. Kanak-kanak 
3. Penghidap penyakit kronik 
Jang‚Ä¶",0,,False
1260572835258470404,2020-05-13 14:09:18,RT @anneapplebaum: Hong Kong is densely populated with crowded public transport and a government no one trusts. @zeynep explains how the ci‚Ä¶,0,,False
1260572835103326208,2020-05-13 14:09:18,RT @HotlineJosh: CNN promoting teenage activist Greta Thunberg as an expert panelist for its next ‚ÄúCoronavirus: Facts and Fears‚Äù town hall.,0,,False
1260572835040329735,2020-05-13 14:09:18,"RT @HYVEE7: When you start seeing inflated numbers randomly go from 30k to 60k overnight, everyone takes notice.

""Trump is pressuring the‚Ä¶",0,,False
1260572835006865415,2020-05-13 14:09:18,@diegocruzva @juansotoivars La COVID-19 es la enfermedad. La usuaria que usted cita se equivoca. El uso es recomend‚Ä¶ https://t.co/RVg4NjSh41,0,diegocruzva,False
1260572834985914368,2020-05-13 14:09:18,RT @ThisWeekABC: The Note: COVID-19 drives alternate political realities https://t.co/0E0NXew7Ix via @rickklein and @maryaliceparks,0,,False
1260572834952294405,2020-05-13 14:09:18,"RT @chicagotribune: Melitta, the German maker of the original paper coffee filter, retooled its production to make masks. A director called‚Ä¶",0,,False
1260572834910416901,2020-05-13 14:09:18,"RT @LisaMei62: Ya don't say.

""Dr. Deborah Birx, the White House coronavirus task force response coordinator, believes some official COVID-‚Ä¶",0,,False
1260572834717405184,2020-05-13 14:09:18,"RT @ColinSSB: A la fin de la crise Coronavirus, si vous pouviez voyager n'importe o√π dans le monde, vous choisiriez quelle destination et p‚Ä¶",0,,False
1260572834713255937,2020-05-13 14:09:18,"RT @prodefencejammu: #IndiaFightsCorona 
#WeCanWeCare. 
#IndianArmy committed towards fight against #COVID19. Distributed #Clothing &amp; #Medi‚Ä¶",0,,False
1260572834541252610,2020-05-13 14:09:18,In the time of Covid many things are changing. This morning I‚Äôm attending #Nanaimo daybreak rotary meeting. Our mee‚Ä¶ https://t.co/216bcuIABL,0,,False
1260572834457321476,2020-05-13 14:09:18,"RT @MalcolmOutLoud: People like billionaires George Soros, Jeff Bezos, Mark Zuckerberg, Bill Gates and Michael Bloomberg -

These men are t‚Ä¶",0,,False
